user_id,event_date,action
u1000,2026-06-01,shop
u1002,2026-06-01,buff
u1002,2026-06-01,buff
u1003,2026-06-01,stage
u1009,2026-06-01,gacha
u1012,2026-06-01,buff
u1015,2026-06-01,stage
u1023,2026-06-01,stage
u1029,2026-06-01,lobby
u1031,2026-06-01,gacha
u1038,2026-06-01,buff
u1039,2026-06-01,shop
u1041,2026-06-01,gacha
u1046,2026-06-01,stage
u1047,2026-06-01,shop
u1050,2026-06-01,lobby
u1051,2026-06-01,lobby
u1052,2026-06-01,buff
u1055,2026-06-01,lobby
u1057,2026-06-01,gacha
u1062,2026-06-01,lobby
u1063,2026-06-01,stage
u1071,2026-06-01,buff
u1073,2026-06-01,stage
u1073,2026-06-01,buff
u1073,2026-06-01,stage
u1074,2026-06-01,buff
u1075,2026-06-01,buff
u1075,2026-06-01,gacha
u1079,2026-06-01,gacha
u1080,2026-06-01,buff
u1081,2026-06-01,stage
u1083,2026-06-01,buff
u1085,2026-06-01,buff
u1088,2026-06-01,gacha
u1089,2026-06-01,lobby
u1091,2026-06-01,lobby
u1091,2026-06-01,stage
u1093,2026-06-01,shop
u1097,2026-06-01,stage
u1099,2026-06-01,gacha
u1104,2026-06-01,lobby
u1105,2026-06-01,buff
u1125,2026-06-01,buff
u1001,2026-06-02,stage
u1008,2026-06-02,shop
u1021,2026-06-02,shop
u1022,2026-06-02,lobby
u1024,2026-06-02,gacha
u1028,2026-06-02,buff
u1034,2026-06-02,gacha
u1037,2026-06-02,stage
u1040,2026-06-02,lobby
u1040,2026-06-02,buff
u1043,2026-06-02,gacha
u1044,2026-06-02,shop
u1052,2026-06-02,shop
u1058,2026-06-02,stage
u1063,2026-06-02,gacha
u1065,2026-06-02,gacha
u1068,2026-06-02,stage
u1072,2026-06-02,lobby
u1074,2026-06-02,buff
u1080,2026-06-02,buff
u1081,2026-06-02,shop
u1084,2026-06-02,shop
u1087,2026-06-02,shop
u1087,2026-06-02,shop
u1092,2026-06-02,gacha
u1095,2026-06-02,lobby
u1096,2026-06-02,stage
u1100,2026-06-02,gacha
u1101,2026-06-02,lobby
u1102,2026-06-02,gacha
u1114,2026-06-02,gacha
u1118,2026-06-02,lobby
u1119,2026-06-02,gacha
u1122,2026-06-02,lobby
u1124,2026-06-02,buff
u1125,2026-06-02,lobby
u1126,2026-06-02,gacha
u1133,2026-06-02,stage
u1008,2026-06-03,stage
u1010,2026-06-03,shop
u1011,2026-06-03,lobby
u1012,2026-06-03,buff
u1016,2026-06-03,gacha
u1017,2026-06-03,shop
u1025,2026-06-03,stage
u1027,2026-06-03,buff
u1034,2026-06-03,lobby
u1034,2026-06-03,gacha
u1037,2026-06-03,stage
u1038,2026-06-03,gacha
u1067,2026-06-03,gacha
u1068,2026-06-03,stage
u1076,2026-06-03,stage
u1077,2026-06-03,gacha
u1079,2026-06-03,lobby
u1082,2026-06-03,stage
u1083,2026-06-03,buff
u1086,2026-06-03,shop
u1089,2026-06-03,stage
u1090,2026-06-03,stage
u1094,2026-06-03,stage
u1095,2026-06-03,buff
u1098,2026-06-03,stage
u1101,2026-06-03,stage
u1102,2026-06-03,shop
u1103,2026-06-03,buff
u1104,2026-06-03,stage
u1105,2026-06-03,lobby
u1107,2026-06-03,lobby
u1110,2026-06-03,lobby
u1113,2026-06-03,gacha
u1114,2026-06-03,shop
u1116,2026-06-03,buff
u1117,2026-06-03,lobby
u1118,2026-06-03,stage
u1130,2026-06-03,buff
u1130,2026-06-03,gacha
u1132,2026-06-03,shop
u1002,2026-06-04,lobby
u1006,2026-06-04,stage
u1006,2026-06-04,buff
u1008,2026-06-04,shop
u1020,2026-06-04,gacha
u1023,2026-06-04,shop
u1024,2026-06-04,gacha
u1027,2026-06-04,buff
u1027,2026-06-04,shop
u1031,2026-06-04,buff
u1031,2026-06-04,buff
u1044,2026-06-04,stage
u1045,2026-06-04,shop
u1053,2026-06-04,stage
u1054,2026-06-04,stage
u1056,2026-06-04,shop
u1056,2026-06-04,gacha
u1056,2026-06-04,lobby
u1060,2026-06-04,stage
u1061,2026-06-04,stage
u1064,2026-06-04,stage
u1066,2026-06-04,shop
u1082,2026-06-04,buff
u1103,2026-06-04,buff
u1105,2026-06-04,shop
u1106,2026-06-04,buff
u1108,2026-06-04,lobby
u1109,2026-06-04,lobby
u1111,2026-06-04,shop
u1111,2026-06-04,shop
u1112,2026-06-04,gacha
u1115,2026-06-04,gacha
u1115,2026-06-04,stage
u1116,2026-06-04,stage
u1120,2026-06-04,gacha
u1122,2026-06-04,stage
u1128,2026-06-04,stage
u1129,2026-06-04,shop
u1130,2026-06-04,stage
u1134,2026-06-04,stage
u1004,2026-06-05,buff
u1005,2026-06-05,stage
u1011,2026-06-05,lobby
u1013,2026-06-05,stage
u1019,2026-06-05,stage
u1019,2026-06-05,stage
u1032,2026-06-05,shop
u1032,2026-06-05,lobby
u1036,2026-06-05,lobby
u1037,2026-06-05,buff
u1044,2026-06-05,buff
u1046,2026-06-05,gacha
u1048,2026-06-05,buff
u1049,2026-06-05,stage
u1053,2026-06-05,stage
u1059,2026-06-05,gacha
u1063,2026-06-05,lobby
u1069,2026-06-05,buff
u1072,2026-06-05,buff
u1076,2026-06-05,shop
u1080,2026-06-05,lobby
u1087,2026-06-05,gacha
u1090,2026-06-05,gacha
u1091,2026-06-05,lobby
u1092,2026-06-05,buff
u1106,2026-06-05,lobby
u1107,2026-06-05,stage
u1108,2026-06-05,buff
u1110,2026-06-05,shop
u1111,2026-06-05,stage
u1113,2026-06-05,buff
u1115,2026-06-05,shop
u1127,2026-06-05,shop
u1127,2026-06-05,buff
u1133,2026-06-05,lobby
u1006,2026-06-06,buff
u1011,2026-06-06,gacha
u1013,2026-06-06,lobby
u1014,2026-06-06,stage
u1016,2026-06-06,shop
u1018,2026-06-06,shop
u1019,2026-06-06,lobby
u1021,2026-06-06,buff
u1024,2026-06-06,shop
u1026,2026-06-06,buff
u1030,2026-06-06,stage
u1033,2026-06-06,lobby
u1033,2026-06-06,buff
u1035,2026-06-06,shop
u1045,2026-06-06,shop
u1053,2026-06-06,buff
u1057,2026-06-06,lobby
u1057,2026-06-06,shop
u1067,2026-06-06,buff
u1068,2026-06-06,gacha
u1070,2026-06-06,shop
u1075,2026-06-06,buff
u1076,2026-06-06,shop
u1078,2026-06-06,shop
u1084,2026-06-06,lobby
u1090,2026-06-06,gacha
u1096,2026-06-06,stage
u1097,2026-06-06,shop
u1108,2026-06-06,stage
u1109,2026-06-06,shop
u1110,2026-06-06,shop
u1113,2026-06-06,stage
u1116,2026-06-06,lobby
u1117,2026-06-06,buff
u1120,2026-06-06,buff
u1121,2026-06-06,gacha
u1126,2026-06-06,buff
u1131,2026-06-06,shop
u1007,2026-06-07,lobby
u1007,2026-06-07,stage
u1015,2026-06-07,lobby
u1029,2026-06-07,lobby
u1033,2026-06-07,shop
u1036,2026-06-07,stage
u1036,2026-06-07,shop
u1038,2026-06-07,buff
u1042,2026-06-07,buff
u1045,2026-06-07,stage
u1054,2026-06-07,gacha
u1054,2026-06-07,gacha
u1061,2026-06-07,lobby
u1062,2026-06-07,buff
u1064,2026-06-07,gacha
u1083,2026-06-07,buff
u1088,2026-06-07,lobby
u1094,2026-06-07,lobby
u1095,2026-06-07,gacha
u1096,2026-06-07,stage
u1098,2026-06-07,stage
u1099,2026-06-07,lobby
u1099,2026-06-07,gacha
u1102,2026-06-07,lobby
u1106,2026-06-07,shop
u1114,2026-06-07,lobby
u1117,2026-06-07,stage
u1118,2026-06-07,stage
u1120,2026-06-07,lobby
u1123,2026-06-07,gacha
u1127,2026-06-07,gacha
u1128,2026-06-07,buff
u1129,2026-06-07,gacha
u1129,2026-06-07,stage
u1002,2026-06-08,shop
u1014,2026-06-08,buff
u1025,2026-06-08,buff
u1029,2026-06-08,lobby
u1040,2026-06-08,stage
u1040,2026-06-08,buff
u1053,2026-06-08,gacha
u1061,2026-06-08,stage
u1065,2026-06-08,lobby
u1071,2026-06-08,gacha
u1075,2026-06-08,buff
u1075,2026-06-08,gacha
u1076,2026-06-08,stage
u1081,2026-06-08,stage
u1106,2026-06-08,gacha
u1121,2026-06-08,lobby
u1129,2026-06-08,stage
u1135,2026-06-08,gacha
u1137,2026-06-08,shop
u1139,2026-06-08,buff
u1141,2026-06-08,lobby
u1146,2026-06-08,shop
u1150,2026-06-08,shop
u1150,2026-06-08,lobby
u1152,2026-06-08,stage
u1155,2026-06-08,buff
u1156,2026-06-08,stage
u1161,2026-06-08,shop
u1163,2026-06-08,stage
u1164,2026-06-08,stage
u1181,2026-06-08,stage
u1199,2026-06-08,gacha
u1203,2026-06-08,lobby
u1204,2026-06-08,stage
u1206,2026-06-08,shop
u1207,2026-06-08,shop
u1213,2026-06-08,shop
u1215,2026-06-08,stage
u1216,2026-06-08,shop
u1218,2026-06-08,buff
u1221,2026-06-08,lobby
u1233,2026-06-08,buff
u1234,2026-06-08,shop
u1235,2026-06-08,lobby
u1237,2026-06-08,buff
u1242,2026-06-08,gacha
u1244,2026-06-08,stage
u1245,2026-06-08,stage
u1247,2026-06-08,lobby
u1249,2026-06-08,gacha
u1252,2026-06-08,lobby
u1259,2026-06-08,gacha
u1259,2026-06-08,gacha
u1265,2026-06-08,gacha
u1268,2026-06-08,stage
u1270,2026-06-08,stage
u1272,2026-06-08,buff
u1013,2026-06-09,lobby
u1014,2026-06-09,shop
u1018,2026-06-09,gacha
u1025,2026-06-09,shop
u1029,2026-06-09,gacha
u1038,2026-06-09,buff
u1049,2026-06-09,stage
u1060,2026-06-09,shop
u1065,2026-06-09,shop
u1084,2026-06-09,buff
u1115,2026-06-09,buff
u1120,2026-06-09,shop
u1121,2026-06-09,shop
u1126,2026-06-09,lobby
u1139,2026-06-09,buff
u1142,2026-06-09,buff
u1143,2026-06-09,gacha
u1153,2026-06-09,shop
u1154,2026-06-09,gacha
u1155,2026-06-09,gacha
u1156,2026-06-09,shop
u1167,2026-06-09,gacha
u1169,2026-06-09,shop
u1174,2026-06-09,lobby
u1176,2026-06-09,buff
u1185,2026-06-09,buff
u1193,2026-06-09,stage
u1195,2026-06-09,buff
u1202,2026-06-09,buff
u1206,2026-06-09,shop
u1206,2026-06-09,shop
u1210,2026-06-09,gacha
u1211,2026-06-09,buff
u1215,2026-06-09,gacha
u1228,2026-06-09,gacha
u1229,2026-06-09,gacha
u1239,2026-06-09,stage
u1241,2026-06-09,lobby
u1250,2026-06-09,shop
u1252,2026-06-09,buff
u1253,2026-06-09,lobby
u1254,2026-06-09,stage
u1258,2026-06-09,stage
u1266,2026-06-09,buff
u1269,2026-06-09,shop
u1272,2026-06-09,gacha
u1273,2026-06-09,shop
u1005,2026-06-10,gacha
u1012,2026-06-10,shop
u1013,2026-06-10,shop
u1023,2026-06-10,lobby
u1023,2026-06-10,stage
u1026,2026-06-10,lobby
u1031,2026-06-10,stage
u1033,2026-06-10,gacha
u1043,2026-06-10,buff
u1045,2026-06-10,buff
u1061,2026-06-10,gacha
u1061,2026-06-10,buff
u1071,2026-06-10,gacha
u1074,2026-06-10,gacha
u1074,2026-06-10,buff
u1076,2026-06-10,buff
u1076,2026-06-10,lobby
u1091,2026-06-10,shop
u1093,2026-06-10,gacha
u1106,2026-06-10,shop
u1123,2026-06-10,buff
u1143,2026-06-10,gacha
u1145,2026-06-10,lobby
u1148,2026-06-10,shop
u1158,2026-06-10,shop
u1164,2026-06-10,lobby
u1165,2026-06-10,stage
u1175,2026-06-10,lobby
u1176,2026-06-10,stage
u1181,2026-06-10,lobby
u1182,2026-06-10,shop
u1185,2026-06-10,buff
u1188,2026-06-10,buff
u1188,2026-06-10,buff
u1189,2026-06-10,buff
u1192,2026-06-10,stage
u1201,2026-06-10,buff
u1216,2026-06-10,shop
u1223,2026-06-10,gacha
u1223,2026-06-10,stage
u1224,2026-06-10,lobby
u1226,2026-06-10,lobby
u1228,2026-06-10,lobby
u1230,2026-06-10,shop
u1232,2026-06-10,buff
u1238,2026-06-10,lobby
u1238,2026-06-10,lobby
u1240,2026-06-10,gacha
u1243,2026-06-10,stage
u1246,2026-06-10,stage
u1246,2026-06-10,stage
u1247,2026-06-10,gacha
u1247,2026-06-10,buff
u1248,2026-06-10,buff
u1249,2026-06-10,lobby
u1251,2026-06-10,lobby
u1254,2026-06-10,gacha
u1256,2026-06-10,stage
u1257,2026-06-10,lobby
u1258,2026-06-10,lobby
u1260,2026-06-10,lobby
u1261,2026-06-10,stage
u1267,2026-06-10,lobby
u1002,2026-06-11,lobby
u1004,2026-06-11,stage
u1012,2026-06-11,buff
u1013,2026-06-11,shop
u1031,2026-06-11,gacha
u1036,2026-06-11,lobby
u1043,2026-06-11,gacha
u1059,2026-06-11,shop
u1062,2026-06-11,lobby
u1081,2026-06-11,buff
u1084,2026-06-11,gacha
u1088,2026-06-11,shop
u1095,2026-06-11,shop
u1098,2026-06-11,lobby
u1112,2026-06-11,gacha
u1121,2026-06-11,gacha
u1129,2026-06-11,shop
u1130,2026-06-11,gacha
u1130,2026-06-11,stage
u1132,2026-06-11,stage
u1136,2026-06-11,buff
u1136,2026-06-11,buff
u1146,2026-06-11,lobby
u1148,2026-06-11,stage
u1149,2026-06-11,shop
u1149,2026-06-11,lobby
u1149,2026-06-11,gacha
u1153,2026-06-11,stage
u1156,2026-06-11,gacha
u1159,2026-06-11,lobby
u1161,2026-06-11,buff
u1161,2026-06-11,buff
u1166,2026-06-11,gacha
u1168,2026-06-11,shop
u1171,2026-06-11,stage
u1173,2026-06-11,gacha
u1173,2026-06-11,gacha
u1196,2026-06-11,gacha
u1196,2026-06-11,lobby
u1198,2026-06-11,shop
u1200,2026-06-11,stage
u1200,2026-06-11,stage
u1200,2026-06-11,shop
u1205,2026-06-11,lobby
u1205,2026-06-11,stage
u1208,2026-06-11,shop
u1209,2026-06-11,lobby
u1215,2026-06-11,lobby
u1217,2026-06-11,stage
u1219,2026-06-11,shop
u1220,2026-06-11,buff
u1229,2026-06-11,lobby
u1231,2026-06-11,buff
u1237,2026-06-11,gacha
u1239,2026-06-11,buff
u1245,2026-06-11,shop
u1249,2026-06-11,buff
u1263,2026-06-11,shop
u1264,2026-06-11,stage
u1268,2026-06-11,shop
u1269,2026-06-11,lobby
u1271,2026-06-11,shop
u1271,2026-06-11,lobby
u1012,2026-06-12,shop
u1028,2026-06-12,shop
u1029,2026-06-12,shop
u1036,2026-06-12,lobby
u1041,2026-06-12,buff
u1045,2026-06-12,lobby
u1050,2026-06-12,lobby
u1062,2026-06-12,stage
u1074,2026-06-12,gacha
u1079,2026-06-12,lobby
u1117,2026-06-12,gacha
u1123,2026-06-12,stage
u1124,2026-06-12,gacha
u1132,2026-06-12,stage
u1136,2026-06-12,gacha
u1137,2026-06-12,lobby
u1143,2026-06-12,buff
u1152,2026-06-12,stage
u1153,2026-06-12,gacha
u1157,2026-06-12,lobby
u1160,2026-06-12,shop
u1162,2026-06-12,stage
u1163,2026-06-12,buff
u1166,2026-06-12,stage
u1166,2026-06-12,gacha
u1168,2026-06-12,stage
u1170,2026-06-12,lobby
u1173,2026-06-12,gacha
u1174,2026-06-12,lobby
u1177,2026-06-12,gacha
u1177,2026-06-12,buff
u1178,2026-06-12,lobby
u1180,2026-06-12,stage
u1188,2026-06-12,stage
u1197,2026-06-12,shop
u1198,2026-06-12,lobby
u1212,2026-06-12,gacha
u1218,2026-06-12,lobby
u1225,2026-06-12,buff
u1227,2026-06-12,buff
u1230,2026-06-12,lobby
u1230,2026-06-12,lobby
u1236,2026-06-12,shop
u1238,2026-06-12,stage
u1239,2026-06-12,shop
u1242,2026-06-12,buff
u1245,2026-06-12,buff
u1255,2026-06-12,gacha
u1258,2026-06-12,lobby
u1260,2026-06-12,gacha
u1262,2026-06-12,shop
u1268,2026-06-12,stage
u1271,2026-06-12,lobby
u1272,2026-06-12,lobby
u1001,2026-06-13,gacha
u1002,2026-06-13,gacha
u1005,2026-06-13,buff
u1022,2026-06-13,buff
u1048,2026-06-13,lobby
u1048,2026-06-13,stage
u1049,2026-06-13,lobby
u1059,2026-06-13,buff
u1071,2026-06-13,buff
u1081,2026-06-13,gacha
u1091,2026-06-13,lobby
u1095,2026-06-13,gacha
u1112,2026-06-13,buff
u1117,2026-06-13,gacha
u1123,2026-06-13,stage
u1130,2026-06-13,shop
u1137,2026-06-13,buff
u1139,2026-06-13,shop
u1140,2026-06-13,gacha
u1142,2026-06-13,buff
u1144,2026-06-13,buff
u1152,2026-06-13,stage
u1154,2026-06-13,stage
u1160,2026-06-13,gacha
u1163,2026-06-13,shop
u1167,2026-06-13,buff
u1168,2026-06-13,stage
u1185,2026-06-13,gacha
u1189,2026-06-13,shop
u1190,2026-06-13,lobby
u1193,2026-06-13,shop
u1195,2026-06-13,shop
u1196,2026-06-13,lobby
u1197,2026-06-13,shop
u1199,2026-06-13,shop
u1203,2026-06-13,gacha
u1207,2026-06-13,stage
u1209,2026-06-13,stage
u1209,2026-06-13,lobby
u1218,2026-06-13,stage
u1219,2026-06-13,stage
u1219,2026-06-13,stage
u1220,2026-06-13,stage
u1220,2026-06-13,gacha
u1223,2026-06-13,gacha
u1226,2026-06-13,buff
u1232,2026-06-13,stage
u1236,2026-06-13,buff
u1240,2026-06-13,stage
u1246,2026-06-13,shop
u1252,2026-06-13,lobby
u1257,2026-06-13,shop
u1262,2026-06-13,buff
u1264,2026-06-13,buff
u1267,2026-06-13,lobby
u1273,2026-06-13,stage
u1014,2026-06-14,stage
u1022,2026-06-14,buff
u1023,2026-06-14,stage
u1034,2026-06-14,lobby
u1041,2026-06-14,buff
u1042,2026-06-14,buff
u1048,2026-06-14,stage
u1062,2026-06-14,stage
u1065,2026-06-14,stage
u1068,2026-06-14,shop
u1079,2026-06-14,buff
u1079,2026-06-14,shop
u1095,2026-06-14,buff
u1112,2026-06-14,lobby
u1135,2026-06-14,gacha
u1138,2026-06-14,stage
u1140,2026-06-14,shop
u1140,2026-06-14,gacha
u1144,2026-06-14,buff
u1147,2026-06-14,stage
u1151,2026-06-14,shop
u1157,2026-06-14,lobby
u1157,2026-06-14,buff
u1162,2026-06-14,gacha
u1170,2026-06-14,shop
u1172,2026-06-14,gacha
u1179,2026-06-14,buff
u1179,2026-06-14,shop
u1180,2026-06-14,lobby
u1180,2026-06-14,gacha
u1182,2026-06-14,lobby
u1183,2026-06-14,lobby
u1183,2026-06-14,stage
u1184,2026-06-14,buff
u1186,2026-06-14,stage
u1187,2026-06-14,lobby
u1190,2026-06-14,buff
u1191,2026-06-14,gacha
u1193,2026-06-14,stage
u1194,2026-06-14,gacha
u1199,2026-06-14,lobby
u1201,2026-06-14,shop
u1202,2026-06-14,gacha
u1202,2026-06-14,shop
u1203,2026-06-14,lobby
u1214,2026-06-14,gacha
u1216,2026-06-14,lobby
u1222,2026-06-14,lobby
u1226,2026-06-14,shop
u1228,2026-06-14,stage
u1233,2026-06-14,lobby
u1240,2026-06-14,lobby
u1250,2026-06-14,buff
u1259,2026-06-14,shop
u1264,2026-06-14,stage
u1274,2026-06-14,shop
u1274,2026-06-14,gacha
u1015,2026-06-15,buff
u1022,2026-06-15,shop
u1074,2026-06-15,shop
u1091,2026-06-15,stage
u1118,2026-06-15,gacha
u1138,2026-06-15,stage
u1140,2026-06-15,shop
u1143,2026-06-15,shop
u1150,2026-06-15,buff
u1150,2026-06-15,stage
u1151,2026-06-15,gacha
u1168,2026-06-15,lobby
u1171,2026-06-15,shop
u1184,2026-06-15,lobby
u1190,2026-06-15,gacha
u1194,2026-06-15,shop
u1196,2026-06-15,stage
u1209,2026-06-15,stage
u1209,2026-06-15,shop
u1210,2026-06-15,gacha
u1215,2026-06-15,gacha
u1229,2026-06-15,gacha
u1230,2026-06-15,gacha
u1235,2026-06-15,gacha
u1241,2026-06-15,buff
u1248,2026-06-15,stage
u1254,2026-06-15,gacha
u1281,2026-06-15,gacha
u1290,2026-06-15,shop
u1291,2026-06-15,shop
u1298,2026-06-15,gacha
u1300,2026-06-15,shop
u1304,2026-06-15,stage
u1311,2026-06-15,gacha
u1318,2026-06-15,stage
u1320,2026-06-15,stage
u1321,2026-06-15,buff
u1324,2026-06-15,gacha
u1327,2026-06-15,gacha
u1330,2026-06-15,stage
u1335,2026-06-15,gacha
u1339,2026-06-15,buff
u1346,2026-06-15,lobby
u1347,2026-06-15,buff
u1349,2026-06-15,stage
u1352,2026-06-15,stage
u1353,2026-06-15,buff
u1354,2026-06-15,gacha
u1358,2026-06-15,stage
u1360,2026-06-15,lobby
u1360,2026-06-15,gacha
u1363,2026-06-15,lobby
u1365,2026-06-15,shop
u1368,2026-06-15,lobby
u1373,2026-06-15,lobby
u1373,2026-06-15,gacha
u1376,2026-06-15,stage
u1378,2026-06-15,shop
u1386,2026-06-15,stage
u1388,2026-06-15,shop
u1393,2026-06-15,gacha
u1394,2026-06-15,gacha
u1398,2026-06-15,lobby
u1400,2026-06-15,buff
u1401,2026-06-15,buff
u1025,2026-06-16,stage
u1088,2026-06-16,lobby
u1092,2026-06-16,gacha
u1104,2026-06-16,shop
u1137,2026-06-16,stage
u1143,2026-06-16,stage
u1144,2026-06-16,buff
u1146,2026-06-16,buff
u1149,2026-06-16,stage
u1151,2026-06-16,buff
u1168,2026-06-16,gacha
u1175,2026-06-16,lobby
u1186,2026-06-16,stage
u1193,2026-06-16,lobby
u1196,2026-06-16,lobby
u1204,2026-06-16,gacha
u1210,2026-06-16,buff
u1216,2026-06-16,stage
u1224,2026-06-16,lobby
u1229,2026-06-16,stage
u1235,2026-06-16,stage
u1270,2026-06-16,shop
u1279,2026-06-16,lobby
u1282,2026-06-16,shop
u1286,2026-06-16,shop
u1293,2026-06-16,buff
u1303,2026-06-16,buff
u1307,2026-06-16,buff
u1310,2026-06-16,shop
u1313,2026-06-16,gacha
u1314,2026-06-16,stage
u1320,2026-06-16,stage
u1322,2026-06-16,buff
u1323,2026-06-16,lobby
u1324,2026-06-16,buff
u1325,2026-06-16,gacha
u1326,2026-06-16,stage
u1332,2026-06-16,gacha
u1335,2026-06-16,buff
u1342,2026-06-16,buff
u1344,2026-06-16,gacha
u1350,2026-06-16,stage
u1350,2026-06-16,lobby
u1355,2026-06-16,stage
u1357,2026-06-16,buff
u1358,2026-06-16,lobby
u1359,2026-06-16,lobby
u1361,2026-06-16,shop
u1362,2026-06-16,gacha
u1366,2026-06-16,lobby
u1368,2026-06-16,buff
u1371,2026-06-16,buff
u1380,2026-06-16,shop
u1382,2026-06-16,gacha
u1382,2026-06-16,gacha
u1385,2026-06-16,buff
u1388,2026-06-16,buff
u1391,2026-06-16,buff
u1392,2026-06-16,lobby
u1394,2026-06-16,shop
u1397,2026-06-16,lobby
u1402,2026-06-16,shop
u1402,2026-06-16,stage
u1036,2026-06-17,stage
u1068,2026-06-17,lobby
u1078,2026-06-17,shop
u1082,2026-06-17,lobby
u1090,2026-06-17,gacha
u1102,2026-06-17,lobby
u1104,2026-06-17,stage
u1118,2026-06-17,stage
u1137,2026-06-17,stage
u1143,2026-06-17,shop
u1149,2026-06-17,shop
u1151,2026-06-17,buff
u1152,2026-06-17,lobby
u1153,2026-06-17,shop
u1159,2026-06-17,stage
u1161,2026-06-17,lobby
u1171,2026-06-17,lobby
u1174,2026-06-17,stage
u1187,2026-06-17,shop
u1187,2026-06-17,stage
u1193,2026-06-17,lobby
u1203,2026-06-17,lobby
u1205,2026-06-17,gacha
u1207,2026-06-17,stage
u1213,2026-06-17,lobby
u1230,2026-06-17,shop
u1231,2026-06-17,shop
u1246,2026-06-17,gacha
u1246,2026-06-17,gacha
u1248,2026-06-17,gacha
u1254,2026-06-17,stage
u1264,2026-06-17,lobby
u1264,2026-06-17,shop
u1268,2026-06-17,gacha
u1271,2026-06-17,gacha
u1275,2026-06-17,lobby
u1280,2026-06-17,buff
u1282,2026-06-17,shop
u1284,2026-06-17,buff
u1296,2026-06-17,stage
u1297,2026-06-17,stage
u1305,2026-06-17,shop
u1306,2026-06-17,shop
u1313,2026-06-17,buff
u1313,2026-06-17,gacha
u1315,2026-06-17,buff
u1317,2026-06-17,lobby
u1318,2026-06-17,stage
u1319,2026-06-17,gacha
u1322,2026-06-17,buff
u1328,2026-06-17,gacha
u1337,2026-06-17,gacha
u1338,2026-06-17,shop
u1339,2026-06-17,buff
u1343,2026-06-17,gacha
u1345,2026-06-17,shop
u1349,2026-06-17,buff
u1351,2026-06-17,shop
u1357,2026-06-17,buff
u1359,2026-06-17,lobby
u1360,2026-06-17,shop
u1364,2026-06-17,gacha
u1370,2026-06-17,gacha
u1370,2026-06-17,buff
u1373,2026-06-17,stage
u1375,2026-06-17,shop
u1377,2026-06-17,shop
u1384,2026-06-17,buff
u1386,2026-06-17,shop
u1386,2026-06-17,lobby
u1389,2026-06-17,gacha
u1392,2026-06-17,lobby
u1395,2026-06-17,shop
u1398,2026-06-17,lobby
u1399,2026-06-17,gacha
u1402,2026-06-17,shop
u1403,2026-06-17,gacha
u1403,2026-06-17,stage
u1404,2026-06-17,lobby
u1061,2026-06-18,lobby
u1082,2026-06-18,lobby
u1092,2026-06-18,shop
u1096,2026-06-18,lobby
u1104,2026-06-18,gacha
u1144,2026-06-18,gacha
u1150,2026-06-18,buff
u1159,2026-06-18,lobby
u1162,2026-06-18,gacha
u1165,2026-06-18,stage
u1165,2026-06-18,gacha
u1165,2026-06-18,shop
u1167,2026-06-18,lobby
u1178,2026-06-18,lobby
u1186,2026-06-18,buff
u1200,2026-06-18,lobby
u1202,2026-06-18,gacha
u1203,2026-06-18,stage
u1204,2026-06-18,shop
u1210,2026-06-18,buff
u1211,2026-06-18,buff
u1213,2026-06-18,lobby
u1231,2026-06-18,buff
u1271,2026-06-18,shop
u1272,2026-06-18,stage
u1275,2026-06-18,buff
u1277,2026-06-18,gacha
u1285,2026-06-18,lobby
u1291,2026-06-18,gacha
u1295,2026-06-18,buff
u1299,2026-06-18,shop
u1301,2026-06-18,stage
u1301,2026-06-18,buff
u1302,2026-06-18,buff
u1305,2026-06-18,gacha
u1312,2026-06-18,stage
u1316,2026-06-18,stage
u1319,2026-06-18,gacha
u1325,2026-06-18,shop
u1325,2026-06-18,gacha
u1331,2026-06-18,shop
u1332,2026-06-18,lobby
u1333,2026-06-18,buff
u1335,2026-06-18,lobby
u1336,2026-06-18,lobby
u1338,2026-06-18,stage
u1340,2026-06-18,gacha
u1343,2026-06-18,gacha
u1345,2026-06-18,lobby
u1347,2026-06-18,shop
u1348,2026-06-18,buff
u1354,2026-06-18,gacha
u1356,2026-06-18,gacha
u1356,2026-06-18,lobby
u1369,2026-06-18,buff
u1372,2026-06-18,stage
u1375,2026-06-18,lobby
u1379,2026-06-18,buff
u1381,2026-06-18,lobby
u1383,2026-06-18,gacha
u1387,2026-06-18,buff
u1390,2026-06-18,stage
u1391,2026-06-18,shop
u1397,2026-06-18,gacha
u1036,2026-06-19,buff
u1074,2026-06-19,lobby
u1078,2026-06-19,gacha
u1083,2026-06-19,shop
u1083,2026-06-19,stage
u1096,2026-06-19,stage
u1102,2026-06-19,gacha
u1146,2026-06-19,shop
u1175,2026-06-19,lobby
u1178,2026-06-19,buff
u1180,2026-06-19,gacha
u1193,2026-06-19,gacha
u1211,2026-06-19,stage
u1214,2026-06-19,buff
u1231,2026-06-19,gacha
u1235,2026-06-19,gacha
u1241,2026-06-19,buff
u1248,2026-06-19,gacha
u1251,2026-06-19,buff
u1271,2026-06-19,lobby
u1277,2026-06-19,stage
u1278,2026-06-19,stage
u1278,2026-06-19,buff
u1283,2026-06-19,lobby
u1285,2026-06-19,stage
u1289,2026-06-19,stage
u1294,2026-06-19,gacha
u1294,2026-06-19,stage
u1298,2026-06-19,shop
u1302,2026-06-19,lobby
u1304,2026-06-19,lobby
u1309,2026-06-19,shop
u1314,2026-06-19,buff
u1317,2026-06-19,stage
u1317,2026-06-19,buff
u1322,2026-06-19,buff
u1334,2026-06-19,buff
u1334,2026-06-19,buff
u1336,2026-06-19,gacha
u1336,2026-06-19,lobby
u1343,2026-06-19,stage
u1348,2026-06-19,stage
u1355,2026-06-19,gacha
u1357,2026-06-19,lobby
u1358,2026-06-19,stage
u1362,2026-06-19,buff
u1363,2026-06-19,shop
u1367,2026-06-19,gacha
u1367,2026-06-19,stage
u1368,2026-06-19,buff
u1370,2026-06-19,shop
u1371,2026-06-19,shop
u1371,2026-06-19,gacha
u1372,2026-06-19,stage
u1378,2026-06-19,shop
u1379,2026-06-19,lobby
u1384,2026-06-19,buff
u1388,2026-06-19,gacha
u1394,2026-06-19,stage
u1022,2026-06-20,stage
u1025,2026-06-20,gacha
u1068,2026-06-20,gacha
u1082,2026-06-20,stage
u1083,2026-06-20,lobby
u1086,2026-06-20,shop
u1086,2026-06-20,gacha
u1092,2026-06-20,buff
u1107,2026-06-20,shop
u1118,2026-06-20,shop
u1139,2026-06-20,stage
u1140,2026-06-20,gacha
u1144,2026-06-20,shop
u1157,2026-06-20,lobby
u1159,2026-06-20,shop
u1160,2026-06-20,lobby
u1161,2026-06-20,lobby
u1180,2026-06-20,stage
u1187,2026-06-20,buff
u1199,2026-06-20,shop
u1203,2026-06-20,buff
u1211,2026-06-20,gacha
u1214,2026-06-20,buff
u1230,2026-06-20,lobby
u1246,2026-06-20,gacha
u1254,2026-06-20,gacha
u1259,2026-06-20,gacha
u1274,2026-06-20,gacha
u1278,2026-06-20,buff
u1288,2026-06-20,lobby
u1290,2026-06-20,lobby
u1292,2026-06-20,buff
u1295,2026-06-20,lobby
u1295,2026-06-20,buff
u1298,2026-06-20,lobby
u1301,2026-06-20,lobby
u1305,2026-06-20,stage
u1307,2026-06-20,shop
u1308,2026-06-20,shop
u1311,2026-06-20,stage
u1312,2026-06-20,buff
u1314,2026-06-20,stage
u1318,2026-06-20,lobby
u1329,2026-06-20,stage
u1333,2026-06-20,gacha
u1333,2026-06-20,shop
u1334,2026-06-20,lobby
u1341,2026-06-20,buff
u1345,2026-06-20,stage
u1346,2026-06-20,stage
u1346,2026-06-20,lobby
u1347,2026-06-20,gacha
u1351,2026-06-20,gacha
u1352,2026-06-20,stage
u1356,2026-06-20,gacha
u1359,2026-06-20,buff
u1362,2026-06-20,buff
u1366,2026-06-20,shop
u1372,2026-06-20,gacha
u1374,2026-06-20,stage
u1376,2026-06-20,shop
u1381,2026-06-20,gacha
u1383,2026-06-20,lobby
u1384,2026-06-20,shop
u1389,2026-06-20,lobby
u1395,2026-06-20,buff
u1397,2026-06-20,stage
u1401,2026-06-20,shop
u1403,2026-06-20,lobby
u1015,2026-06-21,gacha
u1027,2026-06-21,buff
u1047,2026-06-21,gacha
u1047,2026-06-21,shop
u1061,2026-06-21,shop
u1061,2026-06-21,lobby
u1062,2026-06-21,stage
u1068,2026-06-21,buff
u1086,2026-06-21,gacha
u1137,2026-06-21,shop
u1139,2026-06-21,lobby
u1139,2026-06-21,buff
u1146,2026-06-21,stage
u1167,2026-06-21,gacha
u1167,2026-06-21,buff
u1168,2026-06-21,stage
u1194,2026-06-21,buff
u1202,2026-06-21,gacha
u1207,2026-06-21,shop
u1209,2026-06-21,lobby
u1214,2026-06-21,buff
u1232,2026-06-21,buff
u1241,2026-06-21,lobby
u1243,2026-06-21,shop
u1268,2026-06-21,lobby
u1274,2026-06-21,buff
u1276,2026-06-21,stage
u1276,2026-06-21,stage
u1280,2026-06-21,gacha
u1283,2026-06-21,shop
u1287,2026-06-21,lobby
u1294,2026-06-21,shop
u1300,2026-06-21,shop
u1300,2026-06-21,lobby
u1308,2026-06-21,lobby
u1309,2026-06-21,lobby
u1312,2026-06-21,stage
u1315,2026-06-21,stage
u1315,2026-06-21,stage
u1320,2026-06-21,shop
u1331,2026-06-21,buff
u1348,2026-06-21,buff
u1350,2026-06-21,stage
u1355,2026-06-21,lobby
u1363,2026-06-21,shop
u1364,2026-06-21,lobby
u1365,2026-06-21,buff
u1374,2026-06-21,lobby
u1374,2026-06-21,buff
u1376,2026-06-21,stage
u1377,2026-06-21,lobby
u1378,2026-06-21,lobby
u1382,2026-06-21,buff
u1387,2026-06-21,stage
u1389,2026-06-21,shop
u1396,2026-06-21,lobby
u1398,2026-06-21,buff
u1399,2026-06-21,buff
u1399,2026-06-21,lobby
u1401,2026-06-21,shop
u1011,2026-06-22,lobby
u1036,2026-06-22,stage
u1048,2026-06-22,stage
u1057,2026-06-22,gacha
u1068,2026-06-22,gacha
u1085,2026-06-22,gacha
u1085,2026-06-22,shop
u1090,2026-06-22,shop
u1091,2026-06-22,gacha
u1103,2026-06-22,gacha
u1105,2026-06-22,buff
u1110,2026-06-22,buff
u1130,2026-06-22,stage
u1160,2026-06-22,buff
u1176,2026-06-22,lobby
u1185,2026-06-22,lobby
u1212,2026-06-22,shop
u1227,2026-06-22,buff
u1227,2026-06-22,lobby
u1233,2026-06-22,buff
u1272,2026-06-22,lobby
u1275,2026-06-22,shop
u1284,2026-06-22,lobby
u1287,2026-06-22,stage
u1301,2026-06-22,buff
u1317,2026-06-22,buff
u1318,2026-06-22,buff
u1328,2026-06-22,buff
u1330,2026-06-22,stage
u1332,2026-06-22,shop
u1344,2026-06-22,shop
u1366,2026-06-22,lobby
u1384,2026-06-22,stage
u1404,2026-06-22,lobby
u1413,2026-06-22,shop
u1413,2026-06-22,shop
u1414,2026-06-22,shop
u1415,2026-06-22,lobby
u1421,2026-06-22,gacha
u1423,2026-06-22,stage
u1425,2026-06-22,shop
u1429,2026-06-22,gacha
u1430,2026-06-22,lobby
u1432,2026-06-22,shop
u1438,2026-06-22,gacha
u1440,2026-06-22,lobby
u1441,2026-06-22,lobby
u1446,2026-06-22,gacha
u1447,2026-06-22,stage
u1450,2026-06-22,stage
u1451,2026-06-22,lobby
u1455,2026-06-22,lobby
u1456,2026-06-22,gacha
u1478,2026-06-22,shop
u1486,2026-06-22,gacha
u1488,2026-06-22,buff
u1493,2026-06-22,stage
u1501,2026-06-22,lobby
u1504,2026-06-22,buff
u1514,2026-06-22,buff
u1516,2026-06-22,lobby
u1517,2026-06-22,lobby
u1522,2026-06-22,shop
u1525,2026-06-22,lobby
u1525,2026-06-22,gacha
u1527,2026-06-22,shop
u1011,2026-06-23,stage
u1031,2026-06-23,buff
u1052,2026-06-23,stage
u1058,2026-06-23,gacha
u1090,2026-06-23,buff
u1100,2026-06-23,gacha
u1122,2026-06-23,lobby
u1156,2026-06-23,buff
u1178,2026-06-23,shop
u1199,2026-06-23,gacha
u1207,2026-06-23,stage
u1208,2026-06-23,stage
u1235,2026-06-23,lobby
u1253,2026-06-23,shop
u1253,2026-06-23,shop
u1259,2026-06-23,lobby
u1272,2026-06-23,lobby
u1281,2026-06-23,gacha
u1281,2026-06-23,stage
u1283,2026-06-23,shop
u1284,2026-06-23,stage
u1295,2026-06-23,gacha
u1322,2026-06-23,buff
u1344,2026-06-23,buff
u1349,2026-06-23,buff
u1358,2026-06-23,buff
u1372,2026-06-23,buff
u1380,2026-06-23,gacha
u1381,2026-06-23,buff
u1388,2026-06-23,gacha
u1409,2026-06-23,buff
u1418,2026-06-23,stage
u1428,2026-06-23,gacha
u1430,2026-06-23,gacha
u1434,2026-06-23,stage
u1440,2026-06-23,stage
u1443,2026-06-23,stage
u1450,2026-06-23,lobby
u1452,2026-06-23,lobby
u1452,2026-06-23,gacha
u1453,2026-06-23,gacha
u1453,2026-06-23,lobby
u1454,2026-06-23,gacha
u1455,2026-06-23,stage
u1457,2026-06-23,stage
u1463,2026-06-23,lobby
u1467,2026-06-23,shop
u1468,2026-06-23,gacha
u1468,2026-06-23,buff
u1470,2026-06-23,shop
u1474,2026-06-23,stage
u1477,2026-06-23,buff
u1479,2026-06-23,buff
u1485,2026-06-23,buff
u1489,2026-06-23,lobby
u1494,2026-06-23,gacha
u1495,2026-06-23,lobby
u1498,2026-06-23,gacha
u1506,2026-06-23,gacha
u1512,2026-06-23,lobby
u1520,2026-06-23,shop
u1003,2026-06-24,stage
u1007,2026-06-24,shop
u1033,2026-06-24,gacha
u1035,2026-06-24,buff
u1057,2026-06-24,lobby
u1086,2026-06-24,lobby
u1105,2026-06-24,stage
u1105,2026-06-24,stage
u1127,2026-06-24,stage
u1133,2026-06-24,shop
u1138,2026-06-24,gacha
u1141,2026-06-24,stage
u1144,2026-06-24,stage
u1144,2026-06-24,lobby
u1170,2026-06-24,buff
u1178,2026-06-24,stage
u1185,2026-06-24,stage
u1185,2026-06-24,shop
u1194,2026-06-24,gacha
u1247,2026-06-24,lobby
u1332,2026-06-24,buff
u1336,2026-06-24,gacha
u1336,2026-06-24,shop
u1336,2026-06-24,stage
u1343,2026-06-24,buff
u1343,2026-06-24,lobby
u1348,2026-06-24,gacha
u1358,2026-06-24,shop
u1368,2026-06-24,stage
u1372,2026-06-24,lobby
u1386,2026-06-24,gacha
u1391,2026-06-24,stage
u1395,2026-06-24,gacha
u1399,2026-06-24,shop
u1400,2026-06-24,buff
u1404,2026-06-24,buff
u1406,2026-06-24,lobby
u1414,2026-06-24,buff
u1417,2026-06-24,lobby
u1418,2026-06-24,buff
u1421,2026-06-24,stage
u1427,2026-06-24,lobby
u1431,2026-06-24,gacha
u1439,2026-06-24,shop
u1443,2026-06-24,stage
u1449,2026-06-24,gacha
u1457,2026-06-24,buff
u1458,2026-06-24,lobby
u1461,2026-06-24,lobby
u1468,2026-06-24,gacha
u1477,2026-06-24,stage
u1479,2026-06-24,stage
u1483,2026-06-24,shop
u1490,2026-06-24,stage
u1491,2026-06-24,gacha
u1495,2026-06-24,buff
u1496,2026-06-24,gacha
u1496,2026-06-24,stage
u1500,2026-06-24,lobby
u1501,2026-06-24,shop
u1504,2026-06-24,gacha
u1505,2026-06-24,lobby
u1509,2026-06-24,lobby
u1515,2026-06-24,stage
u1516,2026-06-24,buff
u1518,2026-06-24,buff
u1519,2026-06-24,stage
u1521,2026-06-24,buff
u1003,2026-06-25,gacha
u1027,2026-06-25,gacha
u1027,2026-06-25,buff
u1031,2026-06-25,shop
u1058,2026-06-25,stage
u1086,2026-06-25,buff
u1086,2026-06-25,gacha
u1103,2026-06-25,buff
u1130,2026-06-25,buff
u1133,2026-06-25,buff
u1141,2026-06-25,stage
u1145,2026-06-25,shop
u1156,2026-06-25,lobby
u1157,2026-06-25,gacha
u1160,2026-06-25,lobby
u1181,2026-06-25,buff
u1194,2026-06-25,stage
u1216,2026-06-25,shop
u1233,2026-06-25,gacha
u1235,2026-06-25,stage
u1244,2026-06-25,lobby
u1250,2026-06-25,stage
u1259,2026-06-25,shop
u1278,2026-06-25,buff
u1280,2026-06-25,gacha
u1287,2026-06-25,stage
u1289,2026-06-25,buff
u1292,2026-06-25,buff
u1293,2026-06-25,shop
u1301,2026-06-25,stage
u1309,2026-06-25,buff
u1328,2026-06-25,buff
u1330,2026-06-25,lobby
u1335,2026-06-25,buff
u1335,2026-06-25,buff
u1369,2026-06-25,stage
u1386,2026-06-25,gacha
u1401,2026-06-25,stage
u1411,2026-06-25,lobby
u1416,2026-06-25,shop
u1424,2026-06-25,gacha
u1428,2026-06-25,gacha
u1428,2026-06-25,shop
u1433,2026-06-25,lobby
u1438,2026-06-25,gacha
u1441,2026-06-25,shop
u1445,2026-06-25,buff
u1448,2026-06-25,gacha
u1449,2026-06-25,shop
u1456,2026-06-25,gacha
u1461,2026-06-25,gacha
u1465,2026-06-25,lobby
u1466,2026-06-25,gacha
u1481,2026-06-25,lobby
u1491,2026-06-25,lobby
u1494,2026-06-25,lobby
u1499,2026-06-25,gacha
u1500,2026-06-25,stage
u1502,2026-06-25,lobby
u1504,2026-06-25,buff
u1522,2026-06-25,buff
u1523,2026-06-25,lobby
u1526,2026-06-25,stage
u1036,2026-06-26,shop
u1048,2026-06-26,lobby
u1058,2026-06-26,stage
u1068,2026-06-26,shop
u1110,2026-06-26,stage
u1128,2026-06-26,stage
u1186,2026-06-26,buff
u1208,2026-06-26,buff
u1245,2026-06-26,buff
u1246,2026-06-26,buff
u1259,2026-06-26,gacha
u1275,2026-06-26,shop
u1280,2026-06-26,stage
u1281,2026-06-26,gacha
u1293,2026-06-26,gacha
u1309,2026-06-26,shop
u1332,2026-06-26,lobby
u1366,2026-06-26,stage
u1391,2026-06-26,gacha
u1396,2026-06-26,lobby
u1397,2026-06-26,shop
u1399,2026-06-26,shop
u1402,2026-06-26,shop
u1409,2026-06-26,shop
u1409,2026-06-26,buff
u1410,2026-06-26,buff
u1421,2026-06-26,gacha
u1427,2026-06-26,stage
u1429,2026-06-26,gacha
u1432,2026-06-26,buff
u1435,2026-06-26,gacha
u1436,2026-06-26,lobby
u1436,2026-06-26,lobby
u1437,2026-06-26,lobby
u1439,2026-06-26,lobby
u1442,2026-06-26,gacha
u1449,2026-06-26,buff
u1462,2026-06-26,buff
u1463,2026-06-26,lobby
u1464,2026-06-26,shop
u1464,2026-06-26,lobby
u1466,2026-06-26,shop
u1469,2026-06-26,shop
u1472,2026-06-26,stage
u1475,2026-06-26,gacha
u1481,2026-06-26,stage
u1482,2026-06-26,stage
u1485,2026-06-26,lobby
u1506,2026-06-26,buff
u1507,2026-06-26,buff
u1510,2026-06-26,shop
u1511,2026-06-26,buff
u1512,2026-06-26,buff
u1513,2026-06-26,shop
u1523,2026-06-26,stage
u1528,2026-06-26,buff
u1528,2026-06-26,gacha
u1529,2026-06-26,gacha
u1025,2026-06-27,lobby
u1122,2026-06-27,stage
u1133,2026-06-27,buff
u1157,2026-06-27,gacha
u1164,2026-06-27,shop
u1178,2026-06-27,stage
u1186,2026-06-27,buff
u1208,2026-06-27,lobby
u1216,2026-06-27,lobby
u1227,2026-06-27,lobby
u1230,2026-06-27,lobby
u1244,2026-06-27,buff
u1245,2026-06-27,stage
u1266,2026-06-27,gacha
u1279,2026-06-27,shop
u1279,2026-06-27,gacha
u1284,2026-06-27,lobby
u1285,2026-06-27,gacha
u1287,2026-06-27,gacha
u1301,2026-06-27,buff
u1318,2026-06-27,shop
u1322,2026-06-27,lobby
u1330,2026-06-27,buff
u1339,2026-06-27,buff
u1343,2026-06-27,gacha
u1368,2026-06-27,stage
u1368,2026-06-27,gacha
u1381,2026-06-27,stage
u1381,2026-06-27,shop
u1382,2026-06-27,shop
u1388,2026-06-27,gacha
u1396,2026-06-27,shop
u1401,2026-06-27,buff
u1404,2026-06-27,stage
u1413,2026-06-27,lobby
u1417,2026-06-27,lobby
u1417,2026-06-27,buff
u1420,2026-06-27,lobby
u1425,2026-06-27,stage
u1426,2026-06-27,shop
u1430,2026-06-27,gacha
u1431,2026-06-27,stage
u1431,2026-06-27,stage
u1434,2026-06-27,shop
u1438,2026-06-27,buff
u1440,2026-06-27,gacha
u1444,2026-06-27,buff
u1448,2026-06-27,gacha
u1452,2026-06-27,stage
u1456,2026-06-27,gacha
u1459,2026-06-27,gacha
u1460,2026-06-27,buff
u1461,2026-06-27,buff
u1462,2026-06-27,buff
u1465,2026-06-27,gacha
u1470,2026-06-27,gacha
u1473,2026-06-27,lobby
u1473,2026-06-27,gacha
u1492,2026-06-27,shop
u1503,2026-06-27,stage
u1505,2026-06-27,shop
u1507,2026-06-27,stage
u1508,2026-06-27,gacha
u1508,2026-06-27,shop
u1511,2026-06-27,stage
u1515,2026-06-27,gacha
u1518,2026-06-27,lobby
u1520,2026-06-27,buff
u1521,2026-06-27,stage
u1522,2026-06-27,stage
u1524,2026-06-27,gacha
u1527,2026-06-27,buff
u1529,2026-06-27,gacha
u1530,2026-06-27,gacha
u1530,2026-06-27,gacha
u1007,2026-06-28,buff
u1011,2026-06-28,buff
u1052,2026-06-28,shop
u1068,2026-06-28,lobby
u1091,2026-06-28,shop
u1103,2026-06-28,shop
u1110,2026-06-28,shop
u1130,2026-06-28,gacha
u1141,2026-06-28,lobby
u1148,2026-06-28,stage
u1156,2026-06-28,stage
u1199,2026-06-28,stage
u1216,2026-06-28,buff
u1246,2026-06-28,lobby
u1253,2026-06-28,buff
u1274,2026-06-28,buff
u1275,2026-06-28,lobby
u1283,2026-06-28,gacha
u1289,2026-06-28,buff
u1344,2026-06-28,buff
u1356,2026-06-28,shop
u1369,2026-06-28,stage
u1372,2026-06-28,lobby
u1375,2026-06-28,gacha
u1380,2026-06-28,gacha
u1388,2026-06-28,buff
u1400,2026-06-28,lobby
u1405,2026-06-28,stage
u1407,2026-06-28,shop
u1408,2026-06-28,stage
u1412,2026-06-28,gacha
u1416,2026-06-28,gacha
u1419,2026-06-28,shop
u1420,2026-06-28,lobby
u1422,2026-06-28,gacha
u1426,2026-06-28,gacha
u1427,2026-06-28,shop
u1429,2026-06-28,shop
u1433,2026-06-28,gacha
u1442,2026-06-28,gacha
u1443,2026-06-28,shop
u1445,2026-06-28,lobby
u1448,2026-06-28,buff
u1453,2026-06-28,buff
u1454,2026-06-28,gacha
u1457,2026-06-28,gacha
u1460,2026-06-28,gacha
u1463,2026-06-28,gacha
u1470,2026-06-28,gacha
u1471,2026-06-28,shop
u1471,2026-06-28,gacha
u1476,2026-06-28,gacha
u1480,2026-06-28,lobby
u1483,2026-06-28,shop
u1484,2026-06-28,buff
u1486,2026-06-28,gacha
u1486,2026-06-28,lobby
u1487,2026-06-28,buff
u1488,2026-06-28,lobby
u1488,2026-06-28,buff
u1491,2026-06-28,buff
u1493,2026-06-28,stage
u1497,2026-06-28,buff
u1498,2026-06-28,stage
u1499,2026-06-28,buff
u1500,2026-06-28,lobby
u1501,2026-06-28,buff
u1502,2026-06-28,stage
u1503,2026-06-28,lobby
u1508,2026-06-28,gacha
u1513,2026-06-28,stage
u1515,2026-06-28,shop
u1516,2026-06-28,shop
u1517,2026-06-28,lobby
u1519,2026-06-28,buff
u1520,2026-06-28,buff
u1523,2026-06-28,shop
u1001,2026-06-29,gacha
u1001,2026-06-29,gacha
u1026,2026-06-29,lobby
u1045,2026-06-29,stage
u1092,2026-06-29,gacha
u1092,2026-06-29,gacha
u1136,2026-06-29,gacha
u1153,2026-06-29,buff
u1158,2026-06-29,gacha
u1190,2026-06-29,shop
u1226,2026-06-29,shop
u1236,2026-06-29,buff
u1248,2026-06-29,lobby
u1276,2026-06-29,stage
u1311,2026-06-29,lobby
u1317,2026-06-29,stage
u1324,2026-06-29,gacha
u1326,2026-06-29,lobby
u1330,2026-06-29,buff
u1363,2026-06-29,buff
u1371,2026-06-29,stage
u1382,2026-06-29,lobby
u1393,2026-06-29,stage
u1406,2026-06-29,gacha
u1406,2026-06-29,gacha
u1421,2026-06-29,gacha
u1423,2026-06-29,lobby
u1425,2026-06-29,stage
u1427,2026-06-29,shop
u1427,2026-06-29,gacha
u1439,2026-06-29,stage
u1441,2026-06-29,buff
u1441,2026-06-29,stage
u1458,2026-06-29,lobby
u1459,2026-06-29,shop
u1484,2026-06-29,shop
u1485,2026-06-29,stage
u1494,2026-06-29,buff
u1503,2026-06-29,gacha
u1507,2026-06-29,gacha
u1509,2026-06-29,stage
u1516,2026-06-29,buff
u1518,2026-06-29,lobby
u1518,2026-06-29,lobby
u1519,2026-06-29,stage
u1519,2026-06-29,gacha
u1519,2026-06-29,shop
u1521,2026-06-29,lobby
u1522,2026-06-29,shop
u1536,2026-06-29,shop
u1539,2026-06-29,gacha
u1539,2026-06-29,buff
u1545,2026-06-29,shop
u1550,2026-06-29,shop
u1550,2026-06-29,buff
u1553,2026-06-29,gacha
u1556,2026-06-29,stage
u1559,2026-06-29,gacha
u1561,2026-06-29,stage
u1562,2026-06-29,stage
u1566,2026-06-29,lobby
u1571,2026-06-29,gacha
u1583,2026-06-29,shop
u1583,2026-06-29,shop
u1586,2026-06-29,shop
u1590,2026-06-29,lobby
u1593,2026-06-29,lobby
u1595,2026-06-29,buff
u1596,2026-06-29,lobby
u1598,2026-06-29,stage
u1603,2026-06-29,buff
u1603,2026-06-29,stage
u1607,2026-06-29,stage
u1611,2026-06-29,stage
u1612,2026-06-29,stage
u1629,2026-06-29,shop
u1631,2026-06-29,gacha
u1635,2026-06-29,gacha
u1635,2026-06-29,lobby
u1636,2026-06-29,stage
u1642,2026-06-29,lobby
u1642,2026-06-29,buff
u1643,2026-06-29,buff
u1644,2026-06-29,stage
u1648,2026-06-29,stage
u1011,2026-06-30,lobby
u1027,2026-06-30,stage
u1037,2026-06-30,shop
u1081,2026-06-30,shop
u1120,2026-06-30,lobby
u1125,2026-06-30,lobby
u1136,2026-06-30,stage
u1136,2026-06-30,gacha
u1174,2026-06-30,gacha
u1178,2026-06-30,stage
u1222,2026-06-30,lobby
u1226,2026-06-30,buff
u1242,2026-06-30,buff
u1248,2026-06-30,buff
u1260,2026-06-30,stage
u1270,2026-06-30,buff
u1278,2026-06-30,stage
u1280,2026-06-30,lobby
u1293,2026-06-30,lobby
u1310,2026-06-30,shop
u1311,2026-06-30,shop
u1315,2026-06-30,shop
u1317,2026-06-30,buff
u1333,2026-06-30,shop
u1336,2026-06-30,stage
u1340,2026-06-30,gacha
u1373,2026-06-30,lobby
u1381,2026-06-30,gacha
u1386,2026-06-30,stage
u1396,2026-06-30,lobby
u1397,2026-06-30,gacha
u1407,2026-06-30,lobby
u1438,2026-06-30,shop
u1479,2026-06-30,lobby
u1482,2026-06-30,gacha
u1493,2026-06-30,buff
u1493,2026-06-30,buff
u1506,2026-06-30,lobby
u1507,2026-06-30,shop
u1509,2026-06-30,gacha
u1509,2026-06-30,stage
u1514,2026-06-30,lobby
u1527,2026-06-30,buff
u1535,2026-06-30,buff
u1539,2026-06-30,lobby
u1540,2026-06-30,buff
u1541,2026-06-30,buff
u1542,2026-06-30,lobby
u1545,2026-06-30,shop
u1546,2026-06-30,buff
u1547,2026-06-30,lobby
u1554,2026-06-30,lobby
u1560,2026-06-30,shop
u1563,2026-06-30,stage
u1567,2026-06-30,stage
u1573,2026-06-30,shop
u1576,2026-06-30,buff
u1577,2026-06-30,lobby
u1577,2026-06-30,gacha
u1580,2026-06-30,lobby
u1581,2026-06-30,shop
u1584,2026-06-30,shop
u1585,2026-06-30,lobby
u1596,2026-06-30,gacha
u1598,2026-06-30,gacha
u1603,2026-06-30,shop
u1605,2026-06-30,gacha
u1607,2026-06-30,stage
u1608,2026-06-30,buff
u1611,2026-06-30,lobby
u1619,2026-06-30,shop
u1619,2026-06-30,shop
u1627,2026-06-30,gacha
u1627,2026-06-30,stage
u1629,2026-06-30,shop
u1629,2026-06-30,stage
u1630,2026-06-30,lobby
u1636,2026-06-30,lobby
u1638,2026-06-30,stage
u1640,2026-06-30,stage
u1645,2026-06-30,gacha
u1646,2026-06-30,shop
u1005,2026-07-01,stage
u1005,2026-07-01,stage
u1009,2026-07-01,lobby
u1090,2026-07-01,lobby
u1096,2026-07-01,lobby
u1096,2026-07-01,lobby
u1125,2026-07-01,buff
u1163,2026-07-01,buff
u1165,2026-07-01,gacha
u1165,2026-07-01,shop
u1176,2026-07-01,buff
u1192,2026-07-01,gacha
u1218,2026-07-01,stage
u1260,2026-07-01,gacha
u1274,2026-07-01,buff
u1274,2026-07-01,stage
u1300,2026-07-01,lobby
u1311,2026-07-01,stage
u1370,2026-07-01,lobby
u1381,2026-07-01,shop
u1396,2026-07-01,stage
u1407,2026-07-01,buff
u1412,2026-07-01,buff
u1423,2026-07-01,stage
u1424,2026-07-01,gacha
u1424,2026-07-01,stage
u1438,2026-07-01,stage
u1498,2026-07-01,buff
u1504,2026-07-01,lobby
u1506,2026-07-01,gacha
u1510,2026-07-01,lobby
u1531,2026-07-01,shop
u1532,2026-07-01,gacha
u1546,2026-07-01,shop
u1547,2026-07-01,shop
u1548,2026-07-01,buff
u1551,2026-07-01,shop
u1551,2026-07-01,lobby
u1552,2026-07-01,stage
u1553,2026-07-01,lobby
u1558,2026-07-01,shop
u1561,2026-07-01,stage
u1563,2026-07-01,lobby
u1565,2026-07-01,gacha
u1571,2026-07-01,gacha
u1578,2026-07-01,stage
u1581,2026-07-01,stage
u1583,2026-07-01,shop
u1587,2026-07-01,gacha
u1589,2026-07-01,shop
u1591,2026-07-01,shop
u1592,2026-07-01,stage
u1593,2026-07-01,stage
u1597,2026-07-01,gacha
u1599,2026-07-01,shop
u1609,2026-07-01,shop
u1610,2026-07-01,shop
u1612,2026-07-01,stage
u1616,2026-07-01,lobby
u1618,2026-07-01,lobby
u1622,2026-07-01,buff
u1623,2026-07-01,shop
u1626,2026-07-01,stage
u1636,2026-07-01,stage
u1640,2026-07-01,gacha
u1649,2026-07-01,shop
u1651,2026-07-01,lobby
u1005,2026-07-02,lobby
u1026,2026-07-02,gacha
u1037,2026-07-02,lobby
u1046,2026-07-02,lobby
u1081,2026-07-02,lobby
u1155,2026-07-02,buff
u1155,2026-07-02,buff
u1163,2026-07-02,gacha
u1207,2026-07-02,stage
u1243,2026-07-02,gacha
u1243,2026-07-02,shop
u1271,2026-07-02,lobby
u1277,2026-07-02,buff
u1282,2026-07-02,buff
u1291,2026-07-02,buff
u1293,2026-07-02,shop
u1331,2026-07-02,gacha
u1336,2026-07-02,gacha
u1352,2026-07-02,lobby
u1370,2026-07-02,stage
u1373,2026-07-02,stage
u1386,2026-07-02,buff
u1394,2026-07-02,buff
u1394,2026-07-02,stage
u1403,2026-07-02,stage
u1412,2026-07-02,gacha
u1421,2026-07-02,buff
u1421,2026-07-02,lobby
u1423,2026-07-02,shop
u1432,2026-07-02,stage
u1438,2026-07-02,shop
u1441,2026-07-02,lobby
u1460,2026-07-02,stage
u1472,2026-07-02,shop
u1474,2026-07-02,lobby
u1484,2026-07-02,buff
u1487,2026-07-02,lobby
u1504,2026-07-02,gacha
u1505,2026-07-02,shop
u1512,2026-07-02,gacha
u1514,2026-07-02,stage
u1518,2026-07-02,shop
u1522,2026-07-02,lobby
u1528,2026-07-02,gacha
u1531,2026-07-02,buff
u1537,2026-07-02,lobby
u1537,2026-07-02,buff
u1538,2026-07-02,buff
u1540,2026-07-02,buff
u1544,2026-07-02,gacha
u1548,2026-07-02,stage
u1549,2026-07-02,buff
u1555,2026-07-02,lobby
u1557,2026-07-02,gacha
u1558,2026-07-02,stage
u1561,2026-07-02,lobby
u1562,2026-07-02,gacha
u1563,2026-07-02,shop
u1564,2026-07-02,gacha
u1565,2026-07-02,stage
u1570,2026-07-02,gacha
u1575,2026-07-02,lobby
u1579,2026-07-02,lobby
u1580,2026-07-02,gacha
u1581,2026-07-02,gacha
u1588,2026-07-02,stage
u1589,2026-07-02,shop
u1600,2026-07-02,lobby
u1601,2026-07-02,buff
u1604,2026-07-02,buff
u1606,2026-07-02,buff
u1606,2026-07-02,buff
u1617,2026-07-02,buff
u1625,2026-07-02,stage
u1626,2026-07-02,lobby
u1632,2026-07-02,gacha
u1635,2026-07-02,lobby
u1639,2026-07-02,stage
u1648,2026-07-02,stage
u1653,2026-07-02,buff
u1026,2026-07-03,lobby
u1027,2026-07-03,buff
u1080,2026-07-03,lobby
u1080,2026-07-03,stage
u1081,2026-07-03,shop
u1083,2026-07-03,gacha
u1090,2026-07-03,buff
u1090,2026-07-03,buff
u1148,2026-07-03,stage
u1158,2026-07-03,stage
u1163,2026-07-03,buff
u1186,2026-07-03,buff
u1190,2026-07-03,gacha
u1190,2026-07-03,buff
u1194,2026-07-03,lobby
u1260,2026-07-03,buff
u1315,2026-07-03,stage
u1336,2026-07-03,lobby
u1340,2026-07-03,lobby
u1352,2026-07-03,stage
u1366,2026-07-03,shop
u1370,2026-07-03,stage
u1394,2026-07-03,shop
u1407,2026-07-03,lobby
u1420,2026-07-03,stage
u1424,2026-07-03,buff
u1432,2026-07-03,buff
u1439,2026-07-03,shop
u1455,2026-07-03,gacha
u1458,2026-07-03,lobby
u1487,2026-07-03,buff
u1494,2026-07-03,stage
u1500,2026-07-03,shop
u1502,2026-07-03,shop
u1505,2026-07-03,gacha
u1505,2026-07-03,lobby
u1506,2026-07-03,gacha
u1508,2026-07-03,lobby
u1513,2026-07-03,shop
u1516,2026-07-03,gacha
u1529,2026-07-03,buff
u1541,2026-07-03,lobby
u1541,2026-07-03,gacha
u1543,2026-07-03,shop
u1554,2026-07-03,buff
u1565,2026-07-03,gacha
u1568,2026-07-03,lobby
u1570,2026-07-03,lobby
u1572,2026-07-03,stage
u1573,2026-07-03,stage
u1576,2026-07-03,stage
u1582,2026-07-03,gacha
u1588,2026-07-03,lobby
u1591,2026-07-03,stage
u1592,2026-07-03,buff
u1593,2026-07-03,gacha
u1597,2026-07-03,shop
u1601,2026-07-03,lobby
u1602,2026-07-03,shop
u1609,2026-07-03,buff
u1611,2026-07-03,stage
u1614,2026-07-03,lobby
u1616,2026-07-03,shop
u1620,2026-07-03,buff
u1622,2026-07-03,stage
u1624,2026-07-03,gacha
u1628,2026-07-03,gacha
u1637,2026-07-03,lobby
u1641,2026-07-03,shop
u1642,2026-07-03,lobby
u1650,2026-07-03,shop
u1652,2026-07-03,stage
u1654,2026-07-03,stage
u1011,2026-07-04,shop
u1025,2026-07-04,stage
u1046,2026-07-04,buff
u1080,2026-07-04,buff
u1087,2026-07-04,lobby
u1137,2026-07-04,shop
u1146,2026-07-04,buff
u1148,2026-07-04,buff
u1153,2026-07-04,lobby
u1158,2026-07-04,stage
u1165,2026-07-04,stage
u1176,2026-07-04,buff
u1178,2026-07-04,buff
u1178,2026-07-04,stage
u1183,2026-07-04,shop
u1183,2026-07-04,shop
u1183,2026-07-04,stage
u1186,2026-07-04,stage
u1186,2026-07-04,shop
u1192,2026-07-04,gacha
u1192,2026-07-04,buff
u1216,2026-07-04,lobby
u1222,2026-07-04,shop
u1239,2026-07-04,buff
u1243,2026-07-04,lobby
u1248,2026-07-04,shop
u1252,2026-07-04,shop
u1269,2026-07-04,lobby
u1277,2026-07-04,lobby
u1300,2026-07-04,gacha
u1300,2026-07-04,buff
u1331,2026-07-04,stage
u1340,2026-07-04,shop
u1378,2026-07-04,shop
u1382,2026-07-04,lobby
u1396,2026-07-04,shop
u1425,2026-07-04,buff
u1427,2026-07-04,lobby
u1430,2026-07-04,buff
u1435,2026-07-04,shop
u1435,2026-07-04,shop
u1477,2026-07-04,lobby
u1479,2026-07-04,shop
u1482,2026-07-04,shop
u1494,2026-07-04,buff
u1496,2026-07-04,lobby
u1502,2026-07-04,buff
u1502,2026-07-04,buff
u1503,2026-07-04,lobby
u1510,2026-07-04,lobby
u1517,2026-07-04,gacha
u1521,2026-07-04,gacha
u1521,2026-07-04,lobby
u1531,2026-07-04,stage
u1532,2026-07-04,lobby
u1533,2026-07-04,lobby
u1534,2026-07-04,stage
u1537,2026-07-04,stage
u1538,2026-07-04,buff
u1540,2026-07-04,shop
u1548,2026-07-04,buff
u1559,2026-07-04,gacha
u1569,2026-07-04,shop
u1574,2026-07-04,stage
u1574,2026-07-04,gacha
u1576,2026-07-04,buff
u1577,2026-07-04,stage
u1584,2026-07-04,gacha
u1591,2026-07-04,shop
u1594,2026-07-04,buff
u1598,2026-07-04,stage
u1599,2026-07-04,shop
u1600,2026-07-04,lobby
u1608,2026-07-04,lobby
u1613,2026-07-04,stage
u1615,2026-07-04,shop
u1616,2026-07-04,buff
u1617,2026-07-04,stage
u1618,2026-07-04,lobby
u1621,2026-07-04,gacha
u1626,2026-07-04,gacha
u1630,2026-07-04,buff
u1633,2026-07-04,buff
u1634,2026-07-04,lobby
u1638,2026-07-04,shop
u1646,2026-07-04,shop
u1647,2026-07-04,gacha
u1648,2026-07-04,lobby
u1654,2026-07-04,gacha
u1000,2026-07-05,gacha
u1011,2026-07-05,stage
u1025,2026-07-05,gacha
u1037,2026-07-05,shop
u1055,2026-07-05,gacha
u1092,2026-07-05,gacha
u1120,2026-07-05,buff
u1125,2026-07-05,shop
u1132,2026-07-05,stage
u1132,2026-07-05,gacha
u1140,2026-07-05,gacha
u1147,2026-07-05,gacha
u1155,2026-07-05,stage
u1174,2026-07-05,stage
u1176,2026-07-05,shop
u1226,2026-07-05,shop
u1236,2026-07-05,buff
u1242,2026-07-05,shop
u1252,2026-07-05,stage
u1282,2026-07-05,lobby
u1283,2026-07-05,buff
u1284,2026-07-05,lobby
u1293,2026-07-05,stage
u1310,2026-07-05,stage
u1310,2026-07-05,lobby
u1322,2026-07-05,buff
u1324,2026-07-05,stage
u1373,2026-07-05,gacha
u1382,2026-07-05,gacha
u1386,2026-07-05,lobby
u1409,2026-07-05,buff
u1412,2026-07-05,stage
u1413,2026-07-05,buff
u1417,2026-07-05,stage
u1420,2026-07-05,stage
u1455,2026-07-05,gacha
u1458,2026-07-05,gacha
u1459,2026-07-05,gacha
u1459,2026-07-05,buff
u1460,2026-07-05,lobby
u1482,2026-07-05,stage
u1487,2026-07-05,shop
u1501,2026-07-05,lobby
u1515,2026-07-05,lobby
u1515,2026-07-05,shop
u1516,2026-07-05,stage
u1522,2026-07-05,gacha
u1527,2026-07-05,gacha
u1527,2026-07-05,buff
u1529,2026-07-05,gacha
u1533,2026-07-05,lobby
u1543,2026-07-05,stage
u1546,2026-07-05,lobby
u1556,2026-07-05,shop
u1559,2026-07-05,shop
u1568,2026-07-05,stage
u1573,2026-07-05,lobby
u1580,2026-07-05,lobby
u1592,2026-07-05,buff
u1596,2026-07-05,stage
u1597,2026-07-05,stage
u1599,2026-07-05,buff
u1604,2026-07-05,gacha
u1604,2026-07-05,buff
u1606,2026-07-05,gacha
u1608,2026-07-05,buff
u1613,2026-07-05,lobby
u1622,2026-07-05,gacha
u1637,2026-07-05,lobby
u1637,2026-07-05,lobby
u1638,2026-07-05,lobby
u1639,2026-07-05,buff
u1643,2026-07-05,gacha
u1059,2026-07-06,lobby
u1063,2026-07-06,buff
u1137,2026-07-06,shop
u1140,2026-07-06,shop
u1140,2026-07-06,stage
u1225,2026-07-06,buff
u1227,2026-07-06,buff
u1256,2026-07-06,stage
u1272,2026-07-06,shop
u1275,2026-07-06,lobby
u1277,2026-07-06,lobby
u1297,2026-07-06,stage
u1394,2026-07-06,gacha
u1422,2026-07-06,stage
u1424,2026-07-06,stage
u1443,2026-07-06,stage
u1449,2026-07-06,shop
u1449,2026-07-06,lobby
u1459,2026-07-06,buff
u1479,2026-07-06,shop
u1494,2026-07-06,shop
u1501,2026-07-06,buff
u1525,2026-07-06,stage
u1529,2026-07-06,buff
u1536,2026-07-06,lobby
u1542,2026-07-06,stage
u1543,2026-07-06,lobby
u1552,2026-07-06,lobby
u1555,2026-07-06,shop
u1555,2026-07-06,shop
u1559,2026-07-06,buff
u1560,2026-07-06,buff
u1582,2026-07-06,gacha
u1588,2026-07-06,stage
u1588,2026-07-06,lobby
u1600,2026-07-06,stage
u1604,2026-07-06,shop
u1614,2026-07-06,stage
u1625,2026-07-06,stage
u1626,2026-07-06,gacha
u1629,2026-07-06,shop
u1630,2026-07-06,shop
u1632,2026-07-06,buff
u1650,2026-07-06,stage
u1653,2026-07-06,stage
u1659,2026-07-06,lobby
u1661,2026-07-06,stage
u1662,2026-07-06,stage
u1663,2026-07-06,buff
u1669,2026-07-06,buff
u1672,2026-07-06,lobby
u1672,2026-07-06,gacha
u1674,2026-07-06,lobby
u1682,2026-07-06,stage
u1684,2026-07-06,lobby
u1686,2026-07-06,shop
u1688,2026-07-06,lobby
u1688,2026-07-06,shop
u1696,2026-07-06,stage
u1697,2026-07-06,lobby
u1699,2026-07-06,shop
u1700,2026-07-06,gacha
u1703,2026-07-06,buff
u1711,2026-07-06,stage
u1712,2026-07-06,buff
u1714,2026-07-06,lobby
u1717,2026-07-06,shop
u1719,2026-07-06,shop
u1723,2026-07-06,lobby
u1725,2026-07-06,buff
u1728,2026-07-06,lobby
u1731,2026-07-06,gacha
u1734,2026-07-06,stage
u1735,2026-07-06,shop
u1736,2026-07-06,buff
u1741,2026-07-06,stage
u1748,2026-07-06,stage
u1749,2026-07-06,shop
u1753,2026-07-06,lobby
u1758,2026-07-06,stage
u1764,2026-07-06,lobby
u1764,2026-07-06,shop
u1767,2026-07-06,stage
u1003,2026-07-07,stage
u1015,2026-07-07,stage
u1033,2026-07-07,buff
u1053,2026-07-07,buff
u1127,2026-07-07,lobby
u1149,2026-07-07,stage
u1169,2026-07-07,shop
u1182,2026-07-07,lobby
u1192,2026-07-07,shop
u1210,2026-07-07,buff
u1241,2026-07-07,gacha
u1257,2026-07-07,gacha
u1257,2026-07-07,stage
u1275,2026-07-07,gacha
u1277,2026-07-07,shop
u1284,2026-07-07,gacha
u1284,2026-07-07,stage
u1288,2026-07-07,gacha
u1297,2026-07-07,lobby
u1331,2026-07-07,shop
u1331,2026-07-07,gacha
u1339,2026-07-07,shop
u1347,2026-07-07,stage
u1349,2026-07-07,lobby
u1371,2026-07-07,stage
u1374,2026-07-07,shop
u1408,2026-07-07,buff
u1422,2026-07-07,stage
u1423,2026-07-07,shop
u1424,2026-07-07,shop
u1449,2026-07-07,lobby
u1459,2026-07-07,shop
u1475,2026-07-07,buff
u1488,2026-07-07,stage
u1489,2026-07-07,buff
u1494,2026-07-07,buff
u1497,2026-07-07,gacha
u1505,2026-07-07,stage
u1533,2026-07-07,lobby
u1535,2026-07-07,shop
u1543,2026-07-07,buff
u1547,2026-07-07,buff
u1547,2026-07-07,lobby
u1556,2026-07-07,shop
u1558,2026-07-07,lobby
u1565,2026-07-07,stage
u1569,2026-07-07,stage
u1584,2026-07-07,buff
u1604,2026-07-07,lobby
u1607,2026-07-07,gacha
u1619,2026-07-07,gacha
u1626,2026-07-07,gacha
u1630,2026-07-07,gacha
u1632,2026-07-07,gacha
u1658,2026-07-07,buff
u1667,2026-07-07,shop
u1668,2026-07-07,buff
u1669,2026-07-07,gacha
u1671,2026-07-07,shop
u1678,2026-07-07,gacha
u1680,2026-07-07,shop
u1681,2026-07-07,lobby
u1687,2026-07-07,shop
u1687,2026-07-07,buff
u1694,2026-07-07,stage
u1695,2026-07-07,shop
u1695,2026-07-07,lobby
u1701,2026-07-07,stage
u1702,2026-07-07,gacha
u1710,2026-07-07,lobby
u1720,2026-07-07,shop
u1721,2026-07-07,stage
u1722,2026-07-07,stage
u1726,2026-07-07,lobby
u1730,2026-07-07,shop
u1735,2026-07-07,buff
u1746,2026-07-07,shop
u1746,2026-07-07,shop
u1750,2026-07-07,gacha
u1752,2026-07-07,gacha
u1754,2026-07-07,buff
u1755,2026-07-07,gacha
u1756,2026-07-07,lobby
u1760,2026-07-07,buff
u1767,2026-07-07,buff
u1770,2026-07-07,buff
u1771,2026-07-07,shop
u1774,2026-07-07,lobby
u1776,2026-07-07,lobby
u1779,2026-07-07,shop
u1779,2026-07-07,lobby
u1015,2026-07-08,stage
u1033,2026-07-08,stage
u1039,2026-07-08,buff
u1091,2026-07-08,buff
u1092,2026-07-08,shop
u1120,2026-07-08,stage
u1129,2026-07-08,gacha
u1149,2026-07-08,shop
u1155,2026-07-08,buff
u1179,2026-07-08,shop
u1182,2026-07-08,stage
u1208,2026-07-08,shop
u1261,2026-07-08,lobby
u1281,2026-07-08,lobby
u1310,2026-07-08,shop
u1339,2026-07-08,lobby
u1353,2026-07-08,buff
u1374,2026-07-08,shop
u1417,2026-07-08,buff
u1424,2026-07-08,buff
u1425,2026-07-08,gacha
u1432,2026-07-08,stage
u1439,2026-07-08,gacha
u1440,2026-07-08,shop
u1447,2026-07-08,lobby
u1475,2026-07-08,shop
u1479,2026-07-08,shop
u1491,2026-07-08,lobby
u1501,2026-07-08,buff
u1514,2026-07-08,buff
u1548,2026-07-08,lobby
u1581,2026-07-08,shop
u1594,2026-07-08,stage
u1598,2026-07-08,buff
u1600,2026-07-08,lobby
u1601,2026-07-08,gacha
u1601,2026-07-08,gacha
u1607,2026-07-08,buff
u1610,2026-07-08,lobby
u1615,2026-07-08,gacha
u1620,2026-07-08,gacha
u1629,2026-07-08,buff
u1653,2026-07-08,stage
u1656,2026-07-08,buff
u1664,2026-07-08,gacha
u1665,2026-07-08,lobby
u1666,2026-07-08,gacha
u1669,2026-07-08,lobby
u1670,2026-07-08,lobby
u1673,2026-07-08,gacha
u1680,2026-07-08,shop
u1686,2026-07-08,buff
u1690,2026-07-08,buff
u1693,2026-07-08,gacha
u1694,2026-07-08,lobby
u1698,2026-07-08,buff
u1703,2026-07-08,lobby
u1709,2026-07-08,stage
u1712,2026-07-08,shop
u1713,2026-07-08,shop
u1714,2026-07-08,buff
u1715,2026-07-08,shop
u1719,2026-07-08,lobby
u1726,2026-07-08,lobby
u1731,2026-07-08,gacha
u1731,2026-07-08,stage
u1732,2026-07-08,buff
u1733,2026-07-08,gacha
u1734,2026-07-08,buff
u1744,2026-07-08,shop
u1748,2026-07-08,lobby
u1753,2026-07-08,shop
u1753,2026-07-08,shop
u1757,2026-07-08,buff
u1761,2026-07-08,stage
u1763,2026-07-08,shop
u1772,2026-07-08,lobby
u1773,2026-07-08,shop
u1774,2026-07-08,stage
u1775,2026-07-08,buff
u1776,2026-07-08,lobby
u1776,2026-07-08,shop
u1777,2026-07-08,gacha
u1778,2026-07-08,shop
u1003,2026-07-09,buff
u1073,2026-07-09,buff
u1074,2026-07-09,stage
u1079,2026-07-09,shop
u1079,2026-07-09,lobby
u1083,2026-07-09,gacha
u1091,2026-07-09,stage
u1118,2026-07-09,stage
u1120,2026-07-09,lobby
u1127,2026-07-09,stage
u1132,2026-07-09,stage
u1175,2026-07-09,shop
u1208,2026-07-09,gacha
u1229,2026-07-09,stage
u1240,2026-07-09,stage
u1254,2026-07-09,shop
u1288,2026-07-09,buff
u1291,2026-07-09,gacha
u1310,2026-07-09,buff
u1329,2026-07-09,shop
u1341,2026-07-09,stage
u1363,2026-07-09,shop
u1374,2026-07-09,buff
u1405,2026-07-09,stage
u1408,2026-07-09,buff
u1411,2026-07-09,buff
u1411,2026-07-09,stage
u1417,2026-07-09,gacha
u1417,2026-07-09,buff
u1422,2026-07-09,stage
u1423,2026-07-09,gacha
u1432,2026-07-09,buff
u1439,2026-07-09,gacha
u1439,2026-07-09,gacha
u1443,2026-07-09,stage
u1485,2026-07-09,buff
u1492,2026-07-09,gacha
u1493,2026-07-09,gacha
u1495,2026-07-09,shop
u1497,2026-07-09,gacha
u1513,2026-07-09,stage
u1513,2026-07-09,lobby
u1514,2026-07-09,stage
u1514,2026-07-09,lobby
u1531,2026-07-09,shop
u1556,2026-07-09,buff
u1559,2026-07-09,buff
u1563,2026-07-09,buff
u1593,2026-07-09,lobby
u1593,2026-07-09,shop
u1605,2026-07-09,gacha
u1613,2026-07-09,shop
u1650,2026-07-09,stage
u1657,2026-07-09,gacha
u1658,2026-07-09,lobby
u1659,2026-07-09,stage
u1662,2026-07-09,shop
u1670,2026-07-09,buff
u1673,2026-07-09,shop
u1677,2026-07-09,gacha
u1679,2026-07-09,lobby
u1680,2026-07-09,lobby
u1682,2026-07-09,buff
u1685,2026-07-09,stage
u1687,2026-07-09,gacha
u1697,2026-07-09,gacha
u1697,2026-07-09,lobby
u1698,2026-07-09,shop
u1700,2026-07-09,gacha
u1700,2026-07-09,gacha
u1706,2026-07-09,gacha
u1708,2026-07-09,gacha
u1710,2026-07-09,stage
u1715,2026-07-09,gacha
u1716,2026-07-09,lobby
u1717,2026-07-09,buff
u1718,2026-07-09,lobby
u1739,2026-07-09,buff
u1744,2026-07-09,buff
u1747,2026-07-09,shop
u1748,2026-07-09,gacha
u1750,2026-07-09,buff
u1754,2026-07-09,buff
u1761,2026-07-09,gacha
u1761,2026-07-09,buff
u1765,2026-07-09,gacha
u1769,2026-07-09,shop
u1775,2026-07-09,buff
u1777,2026-07-09,stage
u1006,2026-07-10,stage
u1019,2026-07-10,shop
u1039,2026-07-10,lobby
u1039,2026-07-10,stage
u1053,2026-07-10,stage
u1073,2026-07-10,lobby
u1120,2026-07-10,lobby
u1175,2026-07-10,shop
u1179,2026-07-10,stage
u1179,2026-07-10,buff
u1210,2026-07-10,lobby
u1213,2026-07-10,stage
u1225,2026-07-10,gacha
u1229,2026-07-10,buff
u1241,2026-07-10,buff
u1257,2026-07-10,buff
u1284,2026-07-10,lobby
u1321,2026-07-10,buff
u1329,2026-07-10,stage
u1341,2026-07-10,stage
u1347,2026-07-10,shop
u1371,2026-07-10,lobby
u1380,2026-07-10,shop
u1408,2026-07-10,lobby
u1412,2026-07-10,gacha
u1432,2026-07-10,lobby
u1448,2026-07-10,buff
u1489,2026-07-10,buff
u1501,2026-07-10,shop
u1511,2026-07-10,buff
u1511,2026-07-10,buff
u1531,2026-07-10,lobby
u1542,2026-07-10,shop
u1545,2026-07-10,lobby
u1552,2026-07-10,lobby
u1552,2026-07-10,gacha
u1574,2026-07-10,buff
u1582,2026-07-10,gacha
u1588,2026-07-10,gacha
u1604,2026-07-10,gacha
u1613,2026-07-10,lobby
u1616,2026-07-10,gacha
u1645,2026-07-10,lobby
u1645,2026-07-10,gacha
u1656,2026-07-10,shop
u1658,2026-07-10,lobby
u1660,2026-07-10,buff
u1663,2026-07-10,stage
u1664,2026-07-10,buff
u1664,2026-07-10,lobby
u1665,2026-07-10,gacha
u1671,2026-07-10,lobby
u1671,2026-07-10,gacha
u1672,2026-07-10,stage
u1675,2026-07-10,buff
u1676,2026-07-10,gacha
u1678,2026-07-10,stage
u1682,2026-07-10,lobby
u1688,2026-07-10,stage
u1691,2026-07-10,shop
u1692,2026-07-10,lobby
u1694,2026-07-10,gacha
u1702,2026-07-10,lobby
u1703,2026-07-10,shop
u1707,2026-07-10,gacha
u1712,2026-07-10,gacha
u1719,2026-07-10,buff
u1725,2026-07-10,shop
u1727,2026-07-10,lobby
u1727,2026-07-10,stage
u1728,2026-07-10,gacha
u1729,2026-07-10,lobby
u1742,2026-07-10,buff
u1744,2026-07-10,gacha
u1749,2026-07-10,buff
u1751,2026-07-10,stage
u1764,2026-07-10,buff
u1768,2026-07-10,buff
u1772,2026-07-10,buff
u1773,2026-07-10,buff
u1780,2026-07-10,buff
u1053,2026-07-11,buff
u1068,2026-07-11,stage
u1074,2026-07-11,shop
u1079,2026-07-11,lobby
u1137,2026-07-11,buff
u1140,2026-07-11,buff
u1191,2026-07-11,gacha
u1216,2026-07-11,lobby
u1216,2026-07-11,lobby
u1256,2026-07-11,stage
u1261,2026-07-11,gacha
u1275,2026-07-11,lobby
u1291,2026-07-11,lobby
u1310,2026-07-11,shop
u1405,2026-07-11,lobby
u1412,2026-07-11,shop
u1447,2026-07-11,lobby
u1467,2026-07-11,shop
u1487,2026-07-11,buff
u1488,2026-07-11,stage
u1491,2026-07-11,gacha
u1495,2026-07-11,lobby
u1525,2026-07-11,shop
u1526,2026-07-11,buff
u1533,2026-07-11,gacha
u1535,2026-07-11,gacha
u1558,2026-07-11,shop
u1565,2026-07-11,gacha
u1568,2026-07-11,lobby
u1574,2026-07-11,buff
u1610,2026-07-11,gacha
u1613,2026-07-11,lobby
u1614,2026-07-11,buff
u1620,2026-07-11,lobby
u1624,2026-07-11,buff
u1635,2026-07-11,stage
u1665,2026-07-11,lobby
u1670,2026-07-11,lobby
u1676,2026-07-11,lobby
u1678,2026-07-11,gacha
u1689,2026-07-11,shop
u1690,2026-07-11,shop
u1692,2026-07-11,buff
u1695,2026-07-11,buff
u1696,2026-07-11,stage
u1706,2026-07-11,buff
u1707,2026-07-11,lobby
u1708,2026-07-11,shop
u1709,2026-07-11,buff
u1713,2026-07-11,shop
u1722,2026-07-11,lobby
u1724,2026-07-11,buff
u1726,2026-07-11,shop
u1733,2026-07-11,shop
u1738,2026-07-11,buff
u1738,2026-07-11,shop
u1740,2026-07-11,stage
u1742,2026-07-11,buff
u1742,2026-07-11,gacha
u1743,2026-07-11,lobby
u1752,2026-07-11,buff
u1752,2026-07-11,stage
u1755,2026-07-11,stage
u1757,2026-07-11,gacha
u1759,2026-07-11,stage
u1762,2026-07-11,shop
u1765,2026-07-11,gacha
u1766,2026-07-11,stage
u1769,2026-07-11,gacha
u1770,2026-07-11,buff
u1775,2026-07-11,stage
u1003,2026-07-12,lobby
u1019,2026-07-12,lobby
u1059,2026-07-12,buff
u1068,2026-07-12,buff
u1118,2026-07-12,shop
u1118,2026-07-12,shop
u1132,2026-07-12,stage
u1132,2026-07-12,shop
u1135,2026-07-12,buff
u1192,2026-07-12,shop
u1212,2026-07-12,shop
u1224,2026-07-12,buff
u1225,2026-07-12,buff
u1240,2026-07-12,buff
u1241,2026-07-12,shop
u1256,2026-07-12,buff
u1261,2026-07-12,stage
u1268,2026-07-12,gacha
u1321,2026-07-12,buff
u1347,2026-07-12,stage
u1405,2026-07-12,gacha
u1440,2026-07-12,gacha
u1448,2026-07-12,buff
u1476,2026-07-12,buff
u1485,2026-07-12,lobby
u1487,2026-07-12,stage
u1492,2026-07-12,stage
u1494,2026-07-12,stage
u1531,2026-07-12,gacha
u1533,2026-07-12,gacha
u1563,2026-07-12,lobby
u1569,2026-07-12,stage
u1569,2026-07-12,stage
u1574,2026-07-12,shop
u1581,2026-07-12,stage
u1589,2026-07-12,shop
u1593,2026-07-12,lobby
u1601,2026-07-12,gacha
u1605,2026-07-12,buff
u1607,2026-07-12,buff
u1614,2026-07-12,stage
u1624,2026-07-12,gacha
u1626,2026-07-12,gacha
u1649,2026-07-12,shop
u1652,2026-07-12,gacha
u1655,2026-07-12,stage
u1656,2026-07-12,gacha
u1657,2026-07-12,stage
u1657,2026-07-12,lobby
u1661,2026-07-12,shop
u1667,2026-07-12,lobby
u1673,2026-07-12,stage
u1683,2026-07-12,stage
u1689,2026-07-12,stage
u1691,2026-07-12,stage
u1704,2026-07-12,shop
u1704,2026-07-12,buff
u1705,2026-07-12,lobby
u1707,2026-07-12,lobby
u1708,2026-07-12,buff
u1709,2026-07-12,buff
u1711,2026-07-12,shop
u1714,2026-07-12,buff
u1715,2026-07-12,stage
u1720,2026-07-12,shop
u1721,2026-07-12,gacha
u1722,2026-07-12,buff
u1727,2026-07-12,shop
u1737,2026-07-12,shop
u1738,2026-07-12,buff
u1741,2026-07-12,lobby
u1743,2026-07-12,buff
u1743,2026-07-12,lobby
u1745,2026-07-12,buff
u1750,2026-07-12,gacha
u1758,2026-07-12,lobby
u1758,2026-07-12,gacha
u1766,2026-07-12,gacha
u1767,2026-07-12,buff
u1771,2026-07-12,lobby
u1773,2026-07-12,gacha
u1779,2026-07-12,lobby
u1025,2026-07-13,buff
u1037,2026-07-13,gacha
u1045,2026-07-13,stage
u1174,2026-07-13,stage
u1190,2026-07-13,lobby
u1196,2026-07-13,buff
u1227,2026-07-13,stage
u1262,2026-07-13,buff
u1279,2026-07-13,buff
u1296,2026-07-13,buff
u1298,2026-07-13,stage
u1310,2026-07-13,stage
u1342,2026-07-13,lobby
u1350,2026-07-13,gacha
u1372,2026-07-13,lobby
u1395,2026-07-13,lobby
u1399,2026-07-13,stage
u1403,2026-07-13,buff
u1418,2026-07-13,shop
u1422,2026-07-13,stage
u1425,2026-07-13,gacha
u1437,2026-07-13,lobby
u1455,2026-07-13,buff
u1499,2026-07-13,lobby
u1531,2026-07-13,gacha
u1538,2026-07-13,lobby
u1568,2026-07-13,stage
u1570,2026-07-13,buff
u1574,2026-07-13,lobby
u1577,2026-07-13,buff
u1580,2026-07-13,buff
u1593,2026-07-13,stage
u1605,2026-07-13,gacha
u1608,2026-07-13,gacha
u1646,2026-07-13,shop
u1648,2026-07-13,stage
u1661,2026-07-13,gacha
u1661,2026-07-13,shop
u1676,2026-07-13,lobby
u1681,2026-07-13,stage
u1692,2026-07-13,lobby
u1697,2026-07-13,lobby
u1705,2026-07-13,shop
u1713,2026-07-13,gacha
u1719,2026-07-13,gacha
u1723,2026-07-13,buff
u1730,2026-07-13,gacha
u1732,2026-07-13,shop
u1739,2026-07-13,gacha
u1743,2026-07-13,stage
u1769,2026-07-13,shop
u1773,2026-07-13,lobby
u1776,2026-07-13,stage
u1786,2026-07-13,stage
u1804,2026-07-13,buff
u1805,2026-07-13,stage
u1808,2026-07-13,buff
u1811,2026-07-13,gacha
u1823,2026-07-13,gacha
u1836,2026-07-13,gacha
u1836,2026-07-13,gacha
u1840,2026-07-13,shop
u1843,2026-07-13,lobby
u1847,2026-07-13,lobby
u1847,2026-07-13,shop
u1850,2026-07-13,shop
u1852,2026-07-13,gacha
u1854,2026-07-13,stage
u1859,2026-07-13,stage
u1859,2026-07-13,gacha
u1865,2026-07-13,buff
u1865,2026-07-13,buff
u1870,2026-07-13,gacha
u1872,2026-07-13,stage
u1877,2026-07-13,buff
u1886,2026-07-13,gacha
u1888,2026-07-13,stage
u1889,2026-07-13,gacha
u1891,2026-07-13,buff
u1893,2026-07-13,lobby
u1019,2026-07-14,buff
u1020,2026-07-14,lobby
u1025,2026-07-14,stage
u1142,2026-07-14,shop
u1196,2026-07-14,shop
u1230,2026-07-14,lobby
u1240,2026-07-14,lobby
u1240,2026-07-14,lobby
u1263,2026-07-14,buff
u1279,2026-07-14,stage
u1368,2026-07-14,gacha
u1372,2026-07-14,shop
u1378,2026-07-14,stage
u1392,2026-07-14,shop
u1392,2026-07-14,stage
u1392,2026-07-14,lobby
u1406,2026-07-14,shop
u1407,2026-07-14,lobby
u1415,2026-07-14,lobby
u1418,2026-07-14,lobby
u1422,2026-07-14,lobby
u1437,2026-07-14,gacha
u1455,2026-07-14,shop
u1478,2026-07-14,shop
u1493,2026-07-14,lobby
u1494,2026-07-14,gacha
u1499,2026-07-14,shop
u1503,2026-07-14,gacha
u1508,2026-07-14,shop
u1515,2026-07-14,shop
u1518,2026-07-14,stage
u1529,2026-07-14,stage
u1544,2026-07-14,buff
u1549,2026-07-14,buff
u1557,2026-07-14,gacha
u1566,2026-07-14,gacha
u1574,2026-07-14,shop
u1574,2026-07-14,lobby
u1577,2026-07-14,lobby
u1581,2026-07-14,stage
u1585,2026-07-14,shop
u1585,2026-07-14,buff
u1606,2026-07-14,shop
u1608,2026-07-14,lobby
u1631,2026-07-14,gacha
u1651,2026-07-14,buff
u1656,2026-07-14,buff
u1664,2026-07-14,shop
u1664,2026-07-14,buff
u1671,2026-07-14,buff
u1676,2026-07-14,lobby
u1682,2026-07-14,stage
u1687,2026-07-14,shop
u1701,2026-07-14,lobby
u1705,2026-07-14,lobby
u1709,2026-07-14,gacha
u1719,2026-07-14,buff
u1723,2026-07-14,lobby
u1724,2026-07-14,gacha
u1725,2026-07-14,lobby
u1725,2026-07-14,gacha
u1740,2026-07-14,lobby
u1740,2026-07-14,buff
u1743,2026-07-14,gacha
u1749,2026-07-14,buff
u1758,2026-07-14,shop
u1763,2026-07-14,shop
u1765,2026-07-14,buff
u1767,2026-07-14,gacha
u1771,2026-07-14,stage
u1775,2026-07-14,lobby
u1775,2026-07-14,shop
u1781,2026-07-14,shop
u1791,2026-07-14,buff
u1793,2026-07-14,shop
u1793,2026-07-14,stage
u1801,2026-07-14,stage
u1806,2026-07-14,buff
u1807,2026-07-14,stage
u1811,2026-07-14,lobby
u1815,2026-07-14,buff
u1819,2026-07-14,shop
u1825,2026-07-14,lobby
u1826,2026-07-14,shop
u1828,2026-07-14,buff
u1829,2026-07-14,stage
u1832,2026-07-14,shop
u1844,2026-07-14,shop
u1846,2026-07-14,shop
u1852,2026-07-14,buff
u1852,2026-07-14,shop
u1858,2026-07-14,shop
u1866,2026-07-14,buff
u1869,2026-07-14,buff
u1875,2026-07-14,stage
u1882,2026-07-14,shop
u1883,2026-07-14,gacha
u1887,2026-07-14,gacha
u1889,2026-07-14,stage
u1008,2026-07-15,lobby
u1066,2026-07-15,shop
u1166,2026-07-15,shop
u1218,2026-07-15,buff
u1250,2026-07-15,gacha
u1262,2026-07-15,buff
u1263,2026-07-15,shop
u1296,2026-07-15,shop
u1298,2026-07-15,stage
u1368,2026-07-15,shop
u1413,2026-07-15,stage
u1425,2026-07-15,stage
u1426,2026-07-15,lobby
u1479,2026-07-15,lobby
u1544,2026-07-15,shop
u1566,2026-07-15,buff
u1634,2026-07-15,gacha
u1637,2026-07-15,lobby
u1646,2026-07-15,gacha
u1661,2026-07-15,buff
u1670,2026-07-15,stage
u1671,2026-07-15,gacha
u1681,2026-07-15,shop
u1685,2026-07-15,lobby
u1705,2026-07-15,gacha
u1712,2026-07-15,gacha
u1712,2026-07-15,buff
u1733,2026-07-15,stage
u1736,2026-07-15,stage
u1750,2026-07-15,lobby
u1757,2026-07-15,shop
u1758,2026-07-15,buff
u1766,2026-07-15,gacha
u1775,2026-07-15,buff
u1776,2026-07-15,shop
u1778,2026-07-15,buff
u1782,2026-07-15,shop
u1782,2026-07-15,stage
u1786,2026-07-15,stage
u1787,2026-07-15,stage
u1787,2026-07-15,shop
u1794,2026-07-15,buff
u1795,2026-07-15,gacha
u1799,2026-07-15,buff
u1806,2026-07-15,lobby
u1809,2026-07-15,lobby
u1812,2026-07-15,buff
u1816,2026-07-15,gacha
u1817,2026-07-15,gacha
u1817,2026-07-15,buff
u1824,2026-07-15,lobby
u1824,2026-07-15,buff
u1827,2026-07-15,shop
u1828,2026-07-15,buff
u1831,2026-07-15,buff
u1833,2026-07-15,stage
u1834,2026-07-15,shop
u1835,2026-07-15,gacha
u1841,2026-07-15,buff
u1856,2026-07-15,gacha
u1858,2026-07-15,buff
u1869,2026-07-15,lobby
u1869,2026-07-15,gacha
u1873,2026-07-15,stage
u1875,2026-07-15,buff
u1876,2026-07-15,stage
u1879,2026-07-15,shop
u1881,2026-07-15,stage
u1882,2026-07-15,stage
u1013,2026-07-16,shop
u1064,2026-07-16,stage
u1136,2026-07-16,stage
u1136,2026-07-16,buff
u1168,2026-07-16,stage
u1183,2026-07-16,shop
u1184,2026-07-16,lobby
u1227,2026-07-16,gacha
u1299,2026-07-16,shop
u1342,2026-07-16,gacha
u1412,2026-07-16,lobby
u1418,2026-07-16,buff
u1422,2026-07-16,gacha
u1426,2026-07-16,stage
u1426,2026-07-16,stage
u1438,2026-07-16,lobby
u1486,2026-07-16,buff
u1499,2026-07-16,shop
u1530,2026-07-16,lobby
u1549,2026-07-16,stage
u1580,2026-07-16,lobby
u1581,2026-07-16,shop
u1621,2026-07-16,lobby
u1628,2026-07-16,lobby
u1704,2026-07-16,buff
u1708,2026-07-16,gacha
u1709,2026-07-16,lobby
u1721,2026-07-16,shop
u1731,2026-07-16,shop
u1733,2026-07-16,lobby
u1737,2026-07-16,gacha
u1745,2026-07-16,gacha
u1749,2026-07-16,gacha
u1763,2026-07-16,gacha
u1788,2026-07-16,gacha
u1790,2026-07-16,gacha
u1791,2026-07-16,stage
u1791,2026-07-16,gacha
u1798,2026-07-16,lobby
u1808,2026-07-16,gacha
u1810,2026-07-16,lobby
u1821,2026-07-16,lobby
u1821,2026-07-16,lobby
u1822,2026-07-16,stage
u1827,2026-07-16,lobby
u1831,2026-07-16,buff
u1837,2026-07-16,shop
u1845,2026-07-16,buff
u1845,2026-07-16,lobby
u1848,2026-07-16,shop
u1849,2026-07-16,stage
u1857,2026-07-16,shop
u1859,2026-07-16,gacha
u1864,2026-07-16,shop
u1868,2026-07-16,gacha
u1873,2026-07-16,stage
u1885,2026-07-16,stage
u1886,2026-07-16,gacha
u1890,2026-07-16,stage
u1892,2026-07-16,shop
u1893,2026-07-16,gacha
u1020,2026-07-17,shop
u1046,2026-07-17,stage
u1142,2026-07-17,buff
u1166,2026-07-17,shop
u1183,2026-07-17,lobby
u1190,2026-07-17,gacha
u1218,2026-07-17,buff
u1232,2026-07-17,stage
u1232,2026-07-17,stage
u1251,2026-07-17,stage
u1251,2026-07-17,lobby
u1294,2026-07-17,shop
u1298,2026-07-17,shop
u1319,2026-07-17,stage
u1372,2026-07-17,shop
u1419,2026-07-17,stage
u1419,2026-07-17,stage
u1437,2026-07-17,shop
u1455,2026-07-17,buff
u1486,2026-07-17,gacha
u1493,2026-07-17,lobby
u1493,2026-07-17,lobby
u1512,2026-07-17,gacha
u1518,2026-07-17,lobby
u1529,2026-07-17,gacha
u1529,2026-07-17,shop
u1605,2026-07-17,lobby
u1605,2026-07-17,lobby
u1646,2026-07-17,lobby
u1648,2026-07-17,buff
u1648,2026-07-17,shop
u1656,2026-07-17,shop
u1656,2026-07-17,lobby
u1664,2026-07-17,stage
u1680,2026-07-17,gacha
u1712,2026-07-17,stage
u1722,2026-07-17,lobby
u1725,2026-07-17,gacha
u1733,2026-07-17,buff
u1736,2026-07-17,gacha
u1737,2026-07-17,buff
u1757,2026-07-17,shop
u1763,2026-07-17,shop
u1771,2026-07-17,gacha
u1773,2026-07-17,gacha
u1779,2026-07-17,buff
u1782,2026-07-17,shop
u1785,2026-07-17,shop
u1787,2026-07-17,lobby
u1788,2026-07-17,buff
u1788,2026-07-17,stage
u1789,2026-07-17,buff
u1790,2026-07-17,shop
u1796,2026-07-17,lobby
u1799,2026-07-17,lobby
u1801,2026-07-17,buff
u1805,2026-07-17,shop
u1812,2026-07-17,stage
u1812,2026-07-17,gacha
u1813,2026-07-17,gacha
u1818,2026-07-17,shop
u1820,2026-07-17,shop
u1822,2026-07-17,gacha
u1835,2026-07-17,gacha
u1842,2026-07-17,buff
u1846,2026-07-17,buff
u1848,2026-07-17,shop
u1851,2026-07-17,shop
u1853,2026-07-17,shop
u1853,2026-07-17,buff
u1861,2026-07-17,shop
u1862,2026-07-17,gacha
u1863,2026-07-17,shop
u1864,2026-07-17,shop
u1866,2026-07-17,gacha
u1870,2026-07-17,shop
u1871,2026-07-17,gacha
u1874,2026-07-17,gacha
u1878,2026-07-17,shop
u1888,2026-07-17,buff
u1889,2026-07-17,lobby
u1890,2026-07-17,shop
u1892,2026-07-17,lobby
u1013,2026-07-18,gacha
u1025,2026-07-18,buff
u1026,2026-07-18,stage
u1045,2026-07-18,gacha
u1064,2026-07-18,gacha
u1066,2026-07-18,lobby
u1078,2026-07-18,buff
u1168,2026-07-18,stage
u1200,2026-07-18,gacha
u1232,2026-07-18,lobby
u1262,2026-07-18,lobby
u1335,2026-07-18,buff
u1335,2026-07-18,buff
u1395,2026-07-18,lobby
u1415,2026-07-18,lobby
u1436,2026-07-18,shop
u1461,2026-07-18,gacha
u1461,2026-07-18,stage
u1486,2026-07-18,stage
u1506,2026-07-18,lobby
u1507,2026-07-18,buff
u1508,2026-07-18,shop
u1512,2026-07-18,lobby
u1554,2026-07-18,gacha
u1557,2026-07-18,stage
u1580,2026-07-18,buff
u1581,2026-07-18,stage
u1591,2026-07-18,lobby
u1593,2026-07-18,lobby
u1631,2026-07-18,lobby
u1639,2026-07-18,buff
u1663,2026-07-18,lobby
u1687,2026-07-18,gacha
u1697,2026-07-18,gacha
u1697,2026-07-18,buff
u1701,2026-07-18,buff
u1708,2026-07-18,buff
u1713,2026-07-18,gacha
u1718,2026-07-18,lobby
u1722,2026-07-18,shop
u1730,2026-07-18,buff
u1731,2026-07-18,shop
u1739,2026-07-18,lobby
u1739,2026-07-18,lobby
u1747,2026-07-18,buff
u1758,2026-07-18,stage
u1759,2026-07-18,stage
u1759,2026-07-18,shop
u1765,2026-07-18,stage
u1765,2026-07-18,gacha
u1771,2026-07-18,lobby
u1778,2026-07-18,shop
u1779,2026-07-18,stage
u1783,2026-07-18,gacha
u1783,2026-07-18,shop
u1784,2026-07-18,stage
u1789,2026-07-18,stage
u1792,2026-07-18,lobby
u1795,2026-07-18,stage
u1797,2026-07-18,stage
u1798,2026-07-18,lobby
u1802,2026-07-18,stage
u1803,2026-07-18,gacha
u1814,2026-07-18,gacha
u1817,2026-07-18,stage
u1818,2026-07-18,shop
u1820,2026-07-18,buff
u1828,2026-07-18,stage
u1831,2026-07-18,stage
u1837,2026-07-18,stage
u1839,2026-07-18,shop
u1842,2026-07-18,stage
u1846,2026-07-18,gacha
u1855,2026-07-18,stage
u1864,2026-07-18,lobby
u1867,2026-07-18,stage
u1868,2026-07-18,stage
u1874,2026-07-18,shop
u1874,2026-07-18,stage
u1880,2026-07-18,stage
u1890,2026-07-18,shop
u1136,2026-07-19,buff
u1168,2026-07-19,lobby
u1174,2026-07-19,stage
u1183,2026-07-19,buff
u1188,2026-07-19,stage
u1224,2026-07-19,stage
u1227,2026-07-19,buff
u1230,2026-07-19,buff
u1250,2026-07-19,gacha
u1263,2026-07-19,shop
u1279,2026-07-19,lobby
u1294,2026-07-19,stage
u1294,2026-07-19,shop
u1296,2026-07-19,shop
u1299,2026-07-19,gacha
u1325,2026-07-19,buff
u1335,2026-07-19,buff
u1342,2026-07-19,lobby
u1399,2026-07-19,gacha
u1406,2026-07-19,stage
u1415,2026-07-19,stage
u1438,2026-07-19,buff
u1478,2026-07-19,gacha
u1494,2026-07-19,stage
u1515,2026-07-19,shop
u1515,2026-07-19,lobby
u1540,2026-07-19,shop
u1544,2026-07-19,buff
u1554,2026-07-19,lobby
u1554,2026-07-19,buff
u1570,2026-07-19,gacha
u1570,2026-07-19,shop
u1585,2026-07-19,stage
u1591,2026-07-19,gacha
u1591,2026-07-19,shop
u1621,2026-07-19,stage
u1628,2026-07-19,lobby
u1634,2026-07-19,stage
u1670,2026-07-19,stage
u1676,2026-07-19,buff
u1701,2026-07-19,gacha
u1703,2026-07-19,buff
u1704,2026-07-19,shop
u1718,2026-07-19,buff
u1730,2026-07-19,stage
u1736,2026-07-19,gacha
u1743,2026-07-19,lobby
u1759,2026-07-19,buff
u1776,2026-07-19,gacha
u1778,2026-07-19,gacha
u1795,2026-07-19,lobby
u1796,2026-07-19,buff
u1800,2026-07-19,buff
u1800,2026-07-19,lobby
u1800,2026-07-19,lobby
u1802,2026-07-19,stage
u1806,2026-07-19,lobby
u1808,2026-07-19,buff
u1815,2026-07-19,buff
u1815,2026-07-19,gacha
u1819,2026-07-19,buff
u1821,2026-07-19,stage
u1824,2026-07-19,gacha
u1827,2026-07-19,buff
u1829,2026-07-19,gacha
u1830,2026-07-19,stage
u1832,2026-07-19,shop
u1833,2026-07-19,shop
u1834,2026-07-19,shop
u1838,2026-07-19,stage
u1840,2026-07-19,shop
u1841,2026-07-19,gacha
u1842,2026-07-19,stage
u1843,2026-07-19,shop
u1845,2026-07-19,gacha
u1850,2026-07-19,gacha
u1850,2026-07-19,stage
u1853,2026-07-19,shop
u1854,2026-07-19,lobby
u1854,2026-07-19,shop
u1855,2026-07-19,gacha
u1860,2026-07-19,lobby
u1860,2026-07-19,buff
u1865,2026-07-19,lobby
u1866,2026-07-19,lobby
u1867,2026-07-19,lobby
u1867,2026-07-19,gacha
u1870,2026-07-19,gacha
u1875,2026-07-19,stage
u1878,2026-07-19,lobby
u1878,2026-07-19,stage
u1884,2026-07-19,gacha
u1888,2026-07-19,lobby
u1107,2026-07-20,lobby
u1109,2026-07-20,gacha
u1194,2026-07-20,gacha
u1224,2026-07-20,stage
u1278,2026-07-20,gacha
u1280,2026-07-20,lobby
u1378,2026-07-20,shop
u1382,2026-07-20,gacha
u1436,2026-07-20,gacha
u1467,2026-07-20,stage
u1472,2026-07-20,shop
u1472,2026-07-20,shop
u1489,2026-07-20,lobby
u1494,2026-07-20,stage
u1519,2026-07-20,gacha
u1527,2026-07-20,buff
u1527,2026-07-20,buff
u1552,2026-07-20,lobby
u1552,2026-07-20,lobby
u1553,2026-07-20,shop
u1575,2026-07-20,stage
u1595,2026-07-20,lobby
u1620,2026-07-20,stage
u1652,2026-07-20,lobby
u1655,2026-07-20,stage
u1672,2026-07-20,lobby
u1677,2026-07-20,stage
u1678,2026-07-20,stage
u1720,2026-07-20,gacha
u1732,2026-07-20,buff
u1737,2026-07-20,buff
u1783,2026-07-20,buff
u1792,2026-07-20,shop
u1817,2026-07-20,buff
u1830,2026-07-20,shop
u1861,2026-07-20,lobby
u1862,2026-07-20,buff
u1866,2026-07-20,gacha
u1870,2026-07-20,lobby
u1872,2026-07-20,lobby
u1881,2026-07-20,lobby
u1888,2026-07-20,gacha
u1889,2026-07-20,buff
u1891,2026-07-20,lobby
u1899,2026-07-20,gacha
u1901,2026-07-20,gacha
u1904,2026-07-20,lobby
u1905,2026-07-20,buff
u1908,2026-07-20,stage
u1909,2026-07-20,buff
u1909,2026-07-20,gacha
u1915,2026-07-20,gacha
u1935,2026-07-20,lobby
u1943,2026-07-20,buff
u1945,2026-07-20,stage
u1946,2026-07-20,lobby
u1949,2026-07-20,gacha
u1954,2026-07-20,buff
u1957,2026-07-20,gacha
u1957,2026-07-20,stage
u1964,2026-07-20,shop
u1969,2026-07-20,lobby
u1975,2026-07-20,stage
u1977,2026-07-20,lobby
u1978,2026-07-20,lobby
u1980,2026-07-20,lobby
u1985,2026-07-20,lobby
u1991,2026-07-20,shop
u1992,2026-07-20,lobby
u1997,2026-07-20,buff
u2000,2026-07-20,shop
u1003,2026-07-21,buff
u1043,2026-07-21,gacha
u1047,2026-07-21,shop
u1047,2026-07-21,lobby
u1107,2026-07-21,stage
u1109,2026-07-21,lobby
u1115,2026-07-21,buff
u1130,2026-07-21,buff
u1144,2026-07-21,buff
u1193,2026-07-21,shop
u1227,2026-07-21,shop
u1265,2026-07-21,stage
u1282,2026-07-21,gacha
u1403,2026-07-21,shop
u1408,2026-07-21,shop
u1436,2026-07-21,stage
u1531,2026-07-21,lobby
u1532,2026-07-21,lobby
u1534,2026-07-21,stage
u1536,2026-07-21,shop
u1574,2026-07-21,buff
u1585,2026-07-21,lobby
u1595,2026-07-21,lobby
u1604,2026-07-21,gacha
u1604,2026-07-21,gacha
u1637,2026-07-21,lobby
u1652,2026-07-21,gacha
u1655,2026-07-21,shop
u1659,2026-07-21,lobby
u1672,2026-07-21,lobby
u1677,2026-07-21,shop
u1710,2026-07-21,stage
u1727,2026-07-21,buff
u1729,2026-07-21,shop
u1756,2026-07-21,gacha
u1759,2026-07-21,shop
u1761,2026-07-21,gacha
u1781,2026-07-21,gacha
u1788,2026-07-21,buff
u1795,2026-07-21,shop
u1801,2026-07-21,lobby
u1801,2026-07-21,gacha
u1810,2026-07-21,gacha
u1810,2026-07-21,stage
u1811,2026-07-21,lobby
u1811,2026-07-21,shop
u1817,2026-07-21,buff
u1822,2026-07-21,stage
u1828,2026-07-21,shop
u1833,2026-07-21,buff
u1837,2026-07-21,gacha
u1842,2026-07-21,shop
u1847,2026-07-21,shop
u1853,2026-07-21,gacha
u1865,2026-07-21,lobby
u1870,2026-07-21,buff
u1871,2026-07-21,gacha
u1886,2026-07-21,buff
u1897,2026-07-21,shop
u1898,2026-07-21,shop
u1900,2026-07-21,stage
u1901,2026-07-21,shop
u1903,2026-07-21,buff
u1906,2026-07-21,shop
u1906,2026-07-21,lobby
u1907,2026-07-21,lobby
u1911,2026-07-21,gacha
u1912,2026-07-21,gacha
u1913,2026-07-21,shop
u1914,2026-07-21,shop
u1915,2026-07-21,lobby
u1917,2026-07-21,shop
u1917,2026-07-21,gacha
u1920,2026-07-21,buff
u1921,2026-07-21,stage
u1922,2026-07-21,buff
u1922,2026-07-21,buff
u1923,2026-07-21,gacha
u1926,2026-07-21,shop
u1927,2026-07-21,gacha
u1927,2026-07-21,gacha
u1931,2026-07-21,gacha
u1942,2026-07-21,stage
u1946,2026-07-21,gacha
u1947,2026-07-21,lobby
u1951,2026-07-21,buff
u1952,2026-07-21,lobby
u1953,2026-07-21,shop
u1960,2026-07-21,buff
u1966,2026-07-21,shop
u1967,2026-07-21,gacha
u1970,2026-07-21,lobby
u1977,2026-07-21,lobby
u1981,2026-07-21,gacha
u1985,2026-07-21,stage
u1987,2026-07-21,shop
u1988,2026-07-21,gacha
u1991,2026-07-21,buff
u1999,2026-07-21,buff
u1130,2026-07-22,buff
u1138,2026-07-22,lobby
u1193,2026-07-22,shop
u1197,2026-07-22,gacha
u1227,2026-07-22,shop
u1254,2026-07-22,buff
u1254,2026-07-22,gacha
u1282,2026-07-22,gacha
u1314,2026-07-22,gacha
u1328,2026-07-22,lobby
u1382,2026-07-22,shop
u1386,2026-07-22,lobby
u1456,2026-07-22,gacha
u1470,2026-07-22,lobby
u1500,2026-07-22,shop
u1500,2026-07-22,stage
u1508,2026-07-22,shop
u1528,2026-07-22,gacha
u1552,2026-07-22,lobby
u1553,2026-07-22,buff
u1574,2026-07-22,stage
u1575,2026-07-22,stage
u1585,2026-07-22,gacha
u1609,2026-07-22,stage
u1621,2026-07-22,gacha
u1637,2026-07-22,gacha
u1659,2026-07-22,shop
u1660,2026-07-22,lobby
u1660,2026-07-22,gacha
u1675,2026-07-22,buff
u1678,2026-07-22,stage
u1682,2026-07-22,lobby
u1688,2026-07-22,stage
u1710,2026-07-22,gacha
u1710,2026-07-22,stage
u1715,2026-07-22,shop
u1720,2026-07-22,buff
u1722,2026-07-22,buff
u1735,2026-07-22,stage
u1737,2026-07-22,lobby
u1751,2026-07-22,buff
u1753,2026-07-22,lobby
u1756,2026-07-22,lobby
u1767,2026-07-22,shop
u1780,2026-07-22,gacha
u1780,2026-07-22,lobby
u1795,2026-07-22,shop
u1799,2026-07-22,lobby
u1817,2026-07-22,buff
u1819,2026-07-22,stage
u1825,2026-07-22,lobby
u1826,2026-07-22,gacha
u1874,2026-07-22,buff
u1874,2026-07-22,gacha
u1881,2026-07-22,lobby
u1891,2026-07-22,buff
u1897,2026-07-22,lobby
u1899,2026-07-22,buff
u1906,2026-07-22,lobby
u1910,2026-07-22,buff
u1911,2026-07-22,gacha
u1919,2026-07-22,shop
u1922,2026-07-22,gacha
u1923,2026-07-22,shop
u1925,2026-07-22,buff
u1929,2026-07-22,buff
u1931,2026-07-22,gacha
u1933,2026-07-22,buff
u1936,2026-07-22,lobby
u1937,2026-07-22,stage
u1938,2026-07-22,lobby
u1940,2026-07-22,stage
u1940,2026-07-22,shop
u1950,2026-07-22,lobby
u1950,2026-07-22,lobby
u1953,2026-07-22,lobby
u1953,2026-07-22,buff
u1955,2026-07-22,shop
u1957,2026-07-22,stage
u1958,2026-07-22,shop
u1958,2026-07-22,lobby
u1962,2026-07-22,gacha
u1965,2026-07-22,buff
u1967,2026-07-22,buff
u1967,2026-07-22,shop
u1969,2026-07-22,buff
u1971,2026-07-22,lobby
u1981,2026-07-22,buff
u1985,2026-07-22,stage
u1989,2026-07-22,buff
u1990,2026-07-22,stage
u1991,2026-07-22,stage
u1993,2026-07-22,lobby
u1997,2026-07-22,shop
u1998,2026-07-22,gacha
u1998,2026-07-22,gacha
u2001,2026-07-22,gacha
u1032,2026-07-23,buff
u1032,2026-07-23,buff
u1111,2026-07-23,stage
u1138,2026-07-23,lobby
u1216,2026-07-23,buff
u1278,2026-07-23,shop
u1280,2026-07-23,gacha
u1282,2026-07-23,stage
u1297,2026-07-23,buff
u1405,2026-07-23,buff
u1405,2026-07-23,shop
u1419,2026-07-23,stage
u1489,2026-07-23,lobby
u1498,2026-07-23,buff
u1499,2026-07-23,shop
u1505,2026-07-23,buff
u1527,2026-07-23,stage
u1595,2026-07-23,lobby
u1620,2026-07-23,stage
u1655,2026-07-23,lobby
u1672,2026-07-23,lobby
u1682,2026-07-23,shop
u1720,2026-07-23,shop
u1722,2026-07-23,stage
u1729,2026-07-23,shop
u1750,2026-07-23,stage
u1750,2026-07-23,buff
u1751,2026-07-23,buff
u1756,2026-07-23,shop
u1762,2026-07-23,buff
u1767,2026-07-23,gacha
u1783,2026-07-23,gacha
u1788,2026-07-23,gacha
u1790,2026-07-23,buff
u1799,2026-07-23,lobby
u1809,2026-07-23,gacha
u1828,2026-07-23,shop
u1850,2026-07-23,lobby
u1862,2026-07-23,stage
u1872,2026-07-23,gacha
u1886,2026-07-23,stage
u1888,2026-07-23,shop
u1889,2026-07-23,buff
u1892,2026-07-23,gacha
u1894,2026-07-23,stage
u1898,2026-07-23,stage
u1899,2026-07-23,stage
u1907,2026-07-23,lobby
u1910,2026-07-23,gacha
u1914,2026-07-23,shop
u1916,2026-07-23,buff
u1918,2026-07-23,gacha
u1919,2026-07-23,gacha
u1924,2026-07-23,lobby
u1925,2026-07-23,lobby
u1945,2026-07-23,shop
u1947,2026-07-23,gacha
u1948,2026-07-23,buff
u1958,2026-07-23,gacha
u1963,2026-07-23,gacha
u1968,2026-07-23,lobby
u1979,2026-07-23,stage
u1983,2026-07-23,shop
u1984,2026-07-23,stage
u1989,2026-07-23,buff
u1990,2026-07-23,shop
u1997,2026-07-23,shop
u2001,2026-07-23,gacha
u2002,2026-07-23,stage
u1008,2026-07-24,stage
u1109,2026-07-24,lobby
u1111,2026-07-24,stage
u1194,2026-07-24,gacha
u1216,2026-07-24,gacha
u1264,2026-07-24,gacha
u1281,2026-07-24,shop
u1287,2026-07-24,gacha
u1297,2026-07-24,buff
u1297,2026-07-24,gacha
u1305,2026-07-24,lobby
u1314,2026-07-24,gacha
u1344,2026-07-24,lobby
u1436,2026-07-24,stage
u1481,2026-07-24,stage
u1498,2026-07-24,shop
u1499,2026-07-24,gacha
u1530,2026-07-24,gacha
u1584,2026-07-24,stage
u1584,2026-07-24,gacha
u1593,2026-07-24,stage
u1615,2026-07-24,shop
u1635,2026-07-24,stage
u1656,2026-07-24,stage
u1660,2026-07-24,lobby
u1727,2026-07-24,stage
u1732,2026-07-24,buff
u1761,2026-07-24,stage
u1765,2026-07-24,buff
u1792,2026-07-24,gacha
u1802,2026-07-24,shop
u1809,2026-07-24,lobby
u1811,2026-07-24,buff
u1812,2026-07-24,buff
u1822,2026-07-24,buff
u1826,2026-07-24,gacha
u1833,2026-07-24,shop
u1833,2026-07-24,lobby
u1842,2026-07-24,stage
u1861,2026-07-24,shop
u1863,2026-07-24,buff
u1868,2026-07-24,stage
u1871,2026-07-24,buff
u1888,2026-07-24,buff
u1889,2026-07-24,gacha
u1890,2026-07-24,lobby
u1894,2026-07-24,shop
u1895,2026-07-24,lobby
u1897,2026-07-24,lobby
u1903,2026-07-24,shop
u1903,2026-07-24,stage
u1905,2026-07-24,buff
u1907,2026-07-24,lobby
u1909,2026-07-24,lobby
u1911,2026-07-24,shop
u1912,2026-07-24,shop
u1927,2026-07-24,gacha
u1929,2026-07-24,stage
u1939,2026-07-24,shop
u1939,2026-07-24,gacha
u1943,2026-07-24,gacha
u1944,2026-07-24,buff
u1948,2026-07-24,stage
u1954,2026-07-24,gacha
u1956,2026-07-24,shop
u1960,2026-07-24,lobby
u1972,2026-07-24,stage
u1986,2026-07-24,stage
u1993,2026-07-24,gacha
u1996,2026-07-24,shop
u1999,2026-07-24,stage
u1008,2026-07-25,stage
u1193,2026-07-25,buff
u1197,2026-07-25,stage
u1254,2026-07-25,gacha
u1264,2026-07-25,buff
u1270,2026-07-25,stage
u1328,2026-07-25,shop
u1386,2026-07-25,stage
u1405,2026-07-25,gacha
u1411,2026-07-25,stage
u1441,2026-07-25,stage
u1467,2026-07-25,buff
u1491,2026-07-25,buff
u1505,2026-07-25,gacha
u1528,2026-07-25,stage
u1530,2026-07-25,gacha
u1530,2026-07-25,stage
u1576,2026-07-25,gacha
u1576,2026-07-25,lobby
u1584,2026-07-25,gacha
u1589,2026-07-25,lobby
u1593,2026-07-25,stage
u1638,2026-07-25,shop
u1652,2026-07-25,lobby
u1656,2026-07-25,buff
u1729,2026-07-25,shop
u1750,2026-07-25,stage
u1759,2026-07-25,lobby
u1765,2026-07-25,gacha
u1780,2026-07-25,gacha
u1798,2026-07-25,lobby
u1798,2026-07-25,shop
u1820,2026-07-25,stage
u1822,2026-07-25,buff
u1840,2026-07-25,gacha
u1853,2026-07-25,buff
u1853,2026-07-25,stage
u1855,2026-07-25,shop
u1862,2026-07-25,gacha
u1867,2026-07-25,gacha
u1868,2026-07-25,gacha
u1874,2026-07-25,shop
u1892,2026-07-25,buff
u1892,2026-07-25,lobby
u1893,2026-07-25,gacha
u1895,2026-07-25,buff
u1901,2026-07-25,gacha
u1904,2026-07-25,lobby
u1910,2026-07-25,gacha
u1914,2026-07-25,stage
u1918,2026-07-25,gacha
u1920,2026-07-25,gacha
u1925,2026-07-25,gacha
u1928,2026-07-25,stage
u1930,2026-07-25,gacha
u1934,2026-07-25,lobby
u1934,2026-07-25,lobby
u1937,2026-07-25,stage
u1945,2026-07-25,stage
u1948,2026-07-25,shop
u1949,2026-07-25,buff
u1952,2026-07-25,gacha
u1959,2026-07-25,gacha
u1959,2026-07-25,lobby
u1961,2026-07-25,buff
u1964,2026-07-25,gacha
u1966,2026-07-25,shop
u1974,2026-07-25,lobby
u1976,2026-07-25,gacha
u1976,2026-07-25,shop
u1977,2026-07-25,stage
u1982,2026-07-25,gacha
u1983,2026-07-25,stage
u1983,2026-07-25,buff
u1986,2026-07-25,lobby
u1986,2026-07-25,lobby
u1994,2026-07-25,gacha
u1995,2026-07-25,lobby
u1996,2026-07-25,buff
u2003,2026-07-25,gacha
u1015,2026-07-26,lobby
u1043,2026-07-26,stage
u1100,2026-07-26,gacha
u1107,2026-07-26,lobby
u1144,2026-07-26,buff
u1194,2026-07-26,gacha
u1197,2026-07-26,stage
u1216,2026-07-26,shop
u1265,2026-07-26,lobby
u1287,2026-07-26,lobby
u1328,2026-07-26,shop
u1350,2026-07-26,shop
u1378,2026-07-26,buff
u1491,2026-07-26,lobby
u1498,2026-07-26,lobby
u1534,2026-07-26,gacha
u1576,2026-07-26,gacha
u1589,2026-07-26,shop
u1604,2026-07-26,gacha
u1615,2026-07-26,buff
u1615,2026-07-26,shop
u1620,2026-07-26,buff
u1635,2026-07-26,buff
u1677,2026-07-26,lobby
u1682,2026-07-26,stage
u1725,2026-07-26,buff
u1732,2026-07-26,shop
u1767,2026-07-26,stage
u1795,2026-07-26,buff
u1797,2026-07-26,gacha
u1797,2026-07-26,buff
u1799,2026-07-26,shop
u1801,2026-07-26,lobby
u1805,2026-07-26,shop
u1810,2026-07-26,buff
u1825,2026-07-26,stage
u1834,2026-07-26,gacha
u1838,2026-07-26,stage
u1840,2026-07-26,stage
u1863,2026-07-26,lobby
u1865,2026-07-26,shop
u1866,2026-07-26,shop
u1871,2026-07-26,shop
u1872,2026-07-26,shop
u1881,2026-07-26,shop
u1886,2026-07-26,gacha
u1891,2026-07-26,stage
u1893,2026-07-26,gacha
u1896,2026-07-26,stage
u1902,2026-07-26,stage
u1908,2026-07-26,buff
u1915,2026-07-26,shop
u1916,2026-07-26,stage
u1923,2026-07-26,gacha
u1931,2026-07-26,stage
u1932,2026-07-26,stage
u1933,2026-07-26,buff
u1934,2026-07-26,lobby
u1941,2026-07-26,buff
u1965,2026-07-26,gacha
u1969,2026-07-26,stage
u1973,2026-07-26,lobby
u1975,2026-07-26,shop
u1975,2026-07-26,buff
u1976,2026-07-26,lobby
u1989,2026-07-26,buff
u1990,2026-07-26,shop
u1998,2026-07-26,gacha
u2002,2026-07-26,gacha
u1008,2026-07-27,buff
u1130,2026-07-27,lobby
u1144,2026-07-27,stage
u1147,2026-07-27,gacha
u1147,2026-07-27,lobby
u1189,2026-07-27,buff
u1405,2026-07-27,stage
u1424,2026-07-27,buff
u1449,2026-07-27,stage
u1500,2026-07-27,stage
u1501,2026-07-27,lobby
u1513,2026-07-27,lobby
u1541,2026-07-27,gacha
u1544,2026-07-27,gacha
u1561,2026-07-27,gacha
u1561,2026-07-27,stage
u1563,2026-07-27,lobby
u1569,2026-07-27,shop
u1587,2026-07-27,shop
u1670,2026-07-27,gacha
u1686,2026-07-27,gacha
u1688,2026-07-27,buff
u1688,2026-07-27,shop
u1689,2026-07-27,buff
u1714,2026-07-27,shop
u1741,2026-07-27,stage
u1775,2026-07-27,buff
u1779,2026-07-27,gacha
u1790,2026-07-27,stage
u1863,2026-07-27,buff
u1873,2026-07-27,gacha
u1874,2026-07-27,shop
u1874,2026-07-27,lobby
u1878,2026-07-27,shop
u1900,2026-07-27,gacha
u1906,2026-07-27,shop
u1909,2026-07-27,lobby
u1909,2026-07-27,shop
u1911,2026-07-27,gacha
u1913,2026-07-27,buff
u1921,2026-07-27,lobby
u1929,2026-07-27,buff
u1935,2026-07-27,lobby
u1939,2026-07-27,lobby
u1941,2026-07-27,buff
u1947,2026-07-27,lobby
u1947,2026-07-27,stage
u1962,2026-07-27,shop
u1982,2026-07-27,shop
u1992,2026-07-27,buff
u1992,2026-07-27,lobby
u2004,2026-07-27,stage
u2010,2026-07-27,buff
u2019,2026-07-27,shop
u2022,2026-07-27,lobby
u2023,2026-07-27,gacha
u2025,2026-07-27,gacha
u2027,2026-07-27,lobby
u2029,2026-07-27,lobby
u2034,2026-07-27,shop
u2034,2026-07-27,buff
u2035,2026-07-27,buff
u2039,2026-07-27,stage
u2042,2026-07-27,buff
u2045,2026-07-27,shop
u2052,2026-07-27,stage
u2058,2026-07-27,gacha
u2067,2026-07-27,shop
u2075,2026-07-27,gacha
u2076,2026-07-27,gacha
u2077,2026-07-27,stage
u2078,2026-07-27,lobby
u2079,2026-07-27,buff
u2082,2026-07-27,lobby
u2090,2026-07-27,lobby
u2093,2026-07-27,lobby
u2096,2026-07-27,lobby
u2098,2026-07-27,buff
u2102,2026-07-27,buff
u2106,2026-07-27,buff
u2108,2026-07-27,gacha
u2120,2026-07-27,stage
u1054,2026-07-28,stage
u1141,2026-07-28,gacha
u1158,2026-07-28,shop
u1184,2026-07-28,stage
u1197,2026-07-28,gacha
u1197,2026-07-28,shop
u1259,2026-07-28,buff
u1259,2026-07-28,buff
u1277,2026-07-28,buff
u1309,2026-07-28,lobby
u1314,2026-07-28,shop
u1497,2026-07-28,stage
u1524,2026-07-28,gacha
u1539,2026-07-28,lobby
u1546,2026-07-28,gacha
u1569,2026-07-28,shop
u1612,2026-07-28,stage
u1632,2026-07-28,gacha
u1636,2026-07-28,buff
u1689,2026-07-28,stage
u1704,2026-07-28,stage
u1738,2026-07-28,shop
u1779,2026-07-28,lobby
u1797,2026-07-28,lobby
u1801,2026-07-28,shop
u1808,2026-07-28,lobby
u1879,2026-07-28,gacha
u1897,2026-07-28,shop
u1906,2026-07-28,buff
u1910,2026-07-28,shop
u1921,2026-07-28,stage
u1925,2026-07-28,lobby
u1934,2026-07-28,lobby
u1939,2026-07-28,stage
u1947,2026-07-28,buff
u1966,2026-07-28,lobby
u1972,2026-07-28,buff
u1982,2026-07-28,buff
u1986,2026-07-28,stage
u1987,2026-07-28,gacha
u2008,2026-07-28,buff
u2014,2026-07-28,gacha
u2017,2026-07-28,gacha
u2018,2026-07-28,lobby
u2019,2026-07-28,stage
u2022,2026-07-28,stage
u2022,2026-07-28,buff
u2029,2026-07-28,stage
u2029,2026-07-28,lobby
u2030,2026-07-28,stage
u2032,2026-07-28,stage
u2037,2026-07-28,gacha
u2042,2026-07-28,lobby
u2043,2026-07-28,gacha
u2046,2026-07-28,shop
u2048,2026-07-28,gacha
u2057,2026-07-28,gacha
u2060,2026-07-28,buff
u2068,2026-07-28,stage
u2068,2026-07-28,gacha
u2069,2026-07-28,gacha
u2073,2026-07-28,shop
u2075,2026-07-28,shop
u2077,2026-07-28,lobby
u2081,2026-07-28,lobby
u2084,2026-07-28,stage
u2086,2026-07-28,lobby
u2087,2026-07-28,gacha
u2089,2026-07-28,lobby
u2092,2026-07-28,gacha
u2093,2026-07-28,stage
u2093,2026-07-28,shop
u2096,2026-07-28,stage
u2099,2026-07-28,gacha
u2102,2026-07-28,gacha
u2103,2026-07-28,shop
u2104,2026-07-28,shop
u2106,2026-07-28,lobby
u2110,2026-07-28,shop
u2111,2026-07-28,stage
u2118,2026-07-28,shop
u2118,2026-07-28,gacha
u2119,2026-07-28,gacha
u2120,2026-07-28,buff
u2123,2026-07-28,lobby
u1106,2026-07-29,gacha
u1107,2026-07-29,gacha
u1189,2026-07-29,lobby
u1193,2026-07-29,stage
u1245,2026-07-29,lobby
u1269,2026-07-29,gacha
u1269,2026-07-29,buff
u1334,2026-07-29,buff
u1358,2026-07-29,stage
u1386,2026-07-29,buff
u1432,2026-07-29,gacha
u1447,2026-07-29,stage
u1449,2026-07-29,buff
u1485,2026-07-29,stage
u1500,2026-07-29,buff
u1541,2026-07-29,buff
u1544,2026-07-29,lobby
u1560,2026-07-29,gacha
u1560,2026-07-29,lobby
u1564,2026-07-29,lobby
u1591,2026-07-29,stage
u1610,2026-07-29,shop
u1611,2026-07-29,stage
u1612,2026-07-29,stage
u1621,2026-07-29,shop
u1629,2026-07-29,buff
u1673,2026-07-29,lobby
u1683,2026-07-29,shop
u1686,2026-07-29,shop
u1705,2026-07-29,shop
u1714,2026-07-29,lobby
u1729,2026-07-29,shop
u1745,2026-07-29,shop
u1747,2026-07-29,buff
u1750,2026-07-29,stage
u1750,2026-07-29,buff
u1788,2026-07-29,stage
u1801,2026-07-29,lobby
u1821,2026-07-29,gacha
u1830,2026-07-29,lobby
u1847,2026-07-29,stage
u1879,2026-07-29,gacha
u1894,2026-07-29,lobby
u1895,2026-07-29,stage
u1896,2026-07-29,shop
u1901,2026-07-29,gacha
u1907,2026-07-29,stage
u1908,2026-07-29,stage
u1925,2026-07-29,shop
u1941,2026-07-29,shop
u1950,2026-07-29,lobby
u1951,2026-07-29,buff
u1954,2026-07-29,shop
u1961,2026-07-29,stage
u1961,2026-07-29,shop
u1974,2026-07-29,gacha
u1989,2026-07-29,gacha
u1996,2026-07-29,lobby
u2007,2026-07-29,shop
u2014,2026-07-29,stage
u2015,2026-07-29,buff
u2025,2026-07-29,buff
u2030,2026-07-29,buff
u2033,2026-07-29,stage
u2036,2026-07-29,buff
u2036,2026-07-29,stage
u2044,2026-07-29,stage
u2052,2026-07-29,shop
u2053,2026-07-29,gacha
u2058,2026-07-29,buff
u2059,2026-07-29,shop
u2059,2026-07-29,shop
u2060,2026-07-29,shop
u2061,2026-07-29,shop
u2063,2026-07-29,shop
u2065,2026-07-29,stage
u2066,2026-07-29,stage
u2070,2026-07-29,stage
u2070,2026-07-29,buff
u2071,2026-07-29,lobby
u2083,2026-07-29,gacha
u2090,2026-07-29,gacha
u2100,2026-07-29,lobby
u2101,2026-07-29,stage
u2108,2026-07-29,gacha
u2110,2026-07-29,shop
u2111,2026-07-29,gacha
u2114,2026-07-29,lobby
u2117,2026-07-29,lobby
u2118,2026-07-29,gacha
u2122,2026-07-29,buff
u1126,2026-07-30,gacha
u1309,2026-07-30,stage
u1316,2026-07-30,shop
u1318,2026-07-30,buff
u1358,2026-07-30,stage
u1366,2026-07-30,shop
u1386,2026-07-30,shop
u1397,2026-07-30,lobby
u1397,2026-07-30,shop
u1434,2026-07-30,lobby
u1501,2026-07-30,stage
u1513,2026-07-30,stage
u1534,2026-07-30,buff
u1534,2026-07-30,shop
u1564,2026-07-30,shop
u1596,2026-07-30,shop
u1610,2026-07-30,lobby
u1612,2026-07-30,buff
u1632,2026-07-30,buff
u1664,2026-07-30,lobby
u1664,2026-07-30,shop
u1681,2026-07-30,shop
u1705,2026-07-30,gacha
u1705,2026-07-30,buff
u1714,2026-07-30,lobby
u1738,2026-07-30,lobby
u1747,2026-07-30,stage
u1775,2026-07-30,stage
u1788,2026-07-30,shop
u1803,2026-07-30,shop
u1806,2026-07-30,buff
u1806,2026-07-30,gacha
u1808,2026-07-30,lobby
u1830,2026-07-30,gacha
u1838,2026-07-30,stage
u1848,2026-07-30,stage
u1863,2026-07-30,stage
u1874,2026-07-30,buff
u1876,2026-07-30,gacha
u1904,2026-07-30,gacha
u1906,2026-07-30,shop
u1910,2026-07-30,shop
u1911,2026-07-30,stage
u1926,2026-07-30,shop
u1928,2026-07-30,gacha
u1929,2026-07-30,gacha
u1932,2026-07-30,stage
u1941,2026-07-30,gacha
u1945,2026-07-30,lobby
u1951,2026-07-30,stage
u1960,2026-07-30,stage
u1962,2026-07-30,lobby
u1968,2026-07-30,lobby
u1989,2026-07-30,buff
u1990,2026-07-30,buff
u1997,2026-07-30,gacha
u2005,2026-07-30,gacha
u2008,2026-07-30,lobby
u2011,2026-07-30,shop
u2016,2026-07-30,lobby
u2018,2026-07-30,stage
u2023,2026-07-30,shop
u2025,2026-07-30,lobby
u2026,2026-07-30,buff
u2028,2026-07-30,gacha
u2030,2026-07-30,buff
u2031,2026-07-30,lobby
u2032,2026-07-30,lobby
u2039,2026-07-30,stage
u2042,2026-07-30,buff
u2044,2026-07-30,lobby
u2047,2026-07-30,buff
u2048,2026-07-30,stage
u2050,2026-07-30,lobby
u2050,2026-07-30,buff
u2051,2026-07-30,lobby
u2069,2026-07-30,shop
u2070,2026-07-30,buff
u2072,2026-07-30,lobby
u2074,2026-07-30,buff
u2076,2026-07-30,buff
u2076,2026-07-30,gacha
u2097,2026-07-30,stage
u2098,2026-07-30,buff
u2099,2026-07-30,buff
u2100,2026-07-30,buff
u2101,2026-07-30,gacha
u2104,2026-07-30,shop
u2105,2026-07-30,buff
u2107,2026-07-30,buff
u2109,2026-07-30,lobby
u2122,2026-07-30,gacha
u1106,2026-07-31,shop
u1116,2026-07-31,stage
u1130,2026-07-31,gacha
u1197,2026-07-31,lobby
u1247,2026-07-31,shop
u1393,2026-07-31,stage
u1479,2026-07-31,stage
u1524,2026-07-31,gacha
u1539,2026-07-31,buff
u1546,2026-07-31,shop
u1560,2026-07-31,stage
u1591,2026-07-31,lobby
u1611,2026-07-31,gacha
u1673,2026-07-31,shop
u1682,2026-07-31,shop
u1728,2026-07-31,lobby
u1729,2026-07-31,lobby
u1745,2026-07-31,buff
u1745,2026-07-31,stage
u1790,2026-07-31,shop
u1808,2026-07-31,gacha
u1847,2026-07-31,shop
u1852,2026-07-31,shop
u1852,2026-07-31,lobby
u1857,2026-07-31,lobby
u1866,2026-07-31,stage
u1894,2026-07-31,lobby
u1908,2026-07-31,stage
u1912,2026-07-31,lobby
u1913,2026-07-31,buff
u1923,2026-07-31,stage
u1949,2026-07-31,gacha
u1952,2026-07-31,lobby
u1954,2026-07-31,shop
u1963,2026-07-31,buff
u1974,2026-07-31,shop
u1990,2026-07-31,shop
u1995,2026-07-31,lobby
u2004,2026-07-31,lobby
u2006,2026-07-31,gacha
u2010,2026-07-31,gacha
u2012,2026-07-31,gacha
u2013,2026-07-31,lobby
u2032,2026-07-31,lobby
u2036,2026-07-31,lobby
u2040,2026-07-31,buff
u2048,2026-07-31,buff
u2049,2026-07-31,buff
u2054,2026-07-31,shop
u2055,2026-07-31,gacha
u2057,2026-07-31,buff
u2059,2026-07-31,lobby
u2060,2026-07-31,stage
u2063,2026-07-31,gacha
u2066,2026-07-31,buff
u2068,2026-07-31,shop
u2074,2026-07-31,shop
u2075,2026-07-31,gacha
u2079,2026-07-31,shop
u2083,2026-07-31,shop
u2085,2026-07-31,buff
u2085,2026-07-31,shop
u2087,2026-07-31,shop
u2088,2026-07-31,buff
u2095,2026-07-31,buff
u2101,2026-07-31,stage
u2113,2026-07-31,buff
u2113,2026-07-31,stage
u2116,2026-07-31,buff
u2121,2026-07-31,lobby
u2124,2026-07-31,lobby
u2126,2026-07-31,lobby
u2127,2026-07-31,shop
u2128,2026-07-31,stage
u1116,2026-08-01,stage
u1124,2026-08-01,lobby
u1124,2026-08-01,lobby
u1158,2026-08-01,buff
u1225,2026-08-01,stage
u1226,2026-08-01,gacha
u1245,2026-08-01,stage
u1247,2026-08-01,gacha
u1259,2026-08-01,gacha
u1294,2026-08-01,gacha
u1309,2026-08-01,stage
u1334,2026-08-01,lobby
u1374,2026-08-01,buff
u1393,2026-08-01,shop
u1405,2026-08-01,gacha
u1432,2026-08-01,gacha
u1447,2026-08-01,shop
u1447,2026-08-01,buff
u1479,2026-08-01,stage
u1485,2026-08-01,gacha
u1500,2026-08-01,lobby
u1524,2026-08-01,shop
u1546,2026-08-01,stage
u1579,2026-08-01,buff
u1590,2026-08-01,stage
u1611,2026-08-01,shop
u1681,2026-08-01,shop
u1688,2026-08-01,lobby
u1689,2026-08-01,gacha
u1741,2026-08-01,lobby
u1775,2026-08-01,shop
u1797,2026-08-01,gacha
u1803,2026-08-01,buff
u1821,2026-08-01,lobby
u1823,2026-08-01,shop
u1828,2026-08-01,shop
u1830,2026-08-01,buff
u1838,2026-08-01,gacha
u1863,2026-08-01,stage
u1876,2026-08-01,gacha
u1894,2026-08-01,stage
u1896,2026-08-01,lobby
u1907,2026-08-01,buff
u1911,2026-08-01,shop
u1912,2026-08-01,shop
u1916,2026-08-01,stage
u1929,2026-08-01,stage
u1935,2026-08-01,buff
u1935,2026-08-01,stage
u1945,2026-08-01,gacha
u1954,2026-08-01,buff
u1972,2026-08-01,shop
u1974,2026-08-01,stage
u1977,2026-08-01,stage
u1987,2026-08-01,gacha
u1997,2026-08-01,buff
u2005,2026-08-01,shop
u2009,2026-08-01,stage
u2012,2026-08-01,lobby
u2013,2026-08-01,buff
u2016,2026-08-01,stage
u2021,2026-08-01,gacha
u2024,2026-08-01,buff
u2026,2026-08-01,gacha
u2028,2026-08-01,shop
u2034,2026-08-01,gacha
u2038,2026-08-01,gacha
u2041,2026-08-01,stage
u2053,2026-08-01,shop
u2056,2026-08-01,buff
u2057,2026-08-01,buff
u2063,2026-08-01,gacha
u2064,2026-08-01,stage
u2065,2026-08-01,shop
u2065,2026-08-01,buff
u2081,2026-08-01,gacha
u2081,2026-08-01,buff
u2090,2026-08-01,buff
u2094,2026-08-01,shop
u2097,2026-08-01,gacha
u2107,2026-08-01,lobby
u2109,2026-08-01,gacha
u2115,2026-08-01,stage
u2122,2026-08-01,stage
u2127,2026-08-01,stage
u1106,2026-08-02,shop
u1138,2026-08-02,stage
u1144,2026-08-02,shop
u1147,2026-08-02,stage
u1158,2026-08-02,gacha
u1225,2026-08-02,shop
u1225,2026-08-02,gacha
u1280,2026-08-02,shop
u1294,2026-08-02,buff
u1316,2026-08-02,buff
u1366,2026-08-02,shop
u1384,2026-08-02,lobby
u1386,2026-08-02,stage
u1393,2026-08-02,lobby
u1405,2026-08-02,gacha
u1424,2026-08-02,stage
u1434,2026-08-02,gacha
u1467,2026-08-02,shop
u1541,2026-08-02,gacha
u1544,2026-08-02,shop
u1563,2026-08-02,buff
u1569,2026-08-02,lobby
u1579,2026-08-02,buff
u1604,2026-08-02,gacha
u1632,2026-08-02,gacha
u1664,2026-08-02,gacha
u1707,2026-08-02,buff
u1741,2026-08-02,gacha
u1747,2026-08-02,lobby
u1792,2026-08-02,stage
u1792,2026-08-02,buff
u1797,2026-08-02,buff
u1801,2026-08-02,buff
u1803,2026-08-02,stage
u1806,2026-08-02,lobby
u1821,2026-08-02,stage
u1838,2026-08-02,stage
u1848,2026-08-02,buff
u1848,2026-08-02,buff
u1852,2026-08-02,lobby
u1857,2026-08-02,shop
u1857,2026-08-02,lobby
u1876,2026-08-02,gacha
u1877,2026-08-02,shop
u1895,2026-08-02,buff
u1895,2026-08-02,gacha
u1910,2026-08-02,gacha
u1925,2026-08-02,shop
u1932,2026-08-02,lobby
u1932,2026-08-02,stage
u1933,2026-08-02,shop
u1940,2026-08-02,stage
u1951,2026-08-02,stage
u1960,2026-08-02,stage
u1960,2026-08-02,buff
u1963,2026-08-02,gacha
u1972,2026-08-02,stage
u1982,2026-08-02,shop
u1989,2026-08-02,stage
u1992,2026-08-02,stage
u2005,2026-08-02,lobby
u2008,2026-08-02,gacha
u2010,2026-08-02,lobby
u2012,2026-08-02,buff
u2020,2026-08-02,buff
u2020,2026-08-02,gacha
u2023,2026-08-02,gacha
u2031,2026-08-02,stage
u2037,2026-08-02,stage
u2040,2026-08-02,lobby
u2044,2026-08-02,shop
u2045,2026-08-02,gacha
u2047,2026-08-02,stage
u2052,2026-08-02,lobby
u2054,2026-08-02,buff
u2055,2026-08-02,gacha
u2056,2026-08-02,buff
u2062,2026-08-02,shop
u2064,2026-08-02,buff
u2064,2026-08-02,stage
u2066,2026-08-02,gacha
u2072,2026-08-02,buff
u2078,2026-08-02,lobby
u2080,2026-08-02,lobby
u2085,2026-08-02,shop
u2087,2026-08-02,stage
u2091,2026-08-02,gacha
u2095,2026-08-02,gacha
u2098,2026-08-02,gacha
u2102,2026-08-02,gacha
u2112,2026-08-02,buff
u2113,2026-08-02,lobby
u2114,2026-08-02,stage
u2119,2026-08-02,stage
u2125,2026-08-02,lobby
u2126,2026-08-02,stage
u1021,2026-08-03,gacha
u1082,2026-08-03,gacha
u1254,2026-08-03,gacha
u1287,2026-08-03,buff
u1329,2026-08-03,shop
u1329,2026-08-03,stage
u1390,2026-08-03,gacha
u1390,2026-08-03,gacha
u1422,2026-08-03,lobby
u1431,2026-08-03,buff
u1456,2026-08-03,lobby
u1560,2026-08-03,lobby
u1560,2026-08-03,stage
u1564,2026-08-03,lobby
u1572,2026-08-03,stage
u1583,2026-08-03,lobby
u1586,2026-08-03,lobby
u1677,2026-08-03,buff
u1713,2026-08-03,buff
u1750,2026-08-03,stage
u1759,2026-08-03,shop
u1778,2026-08-03,stage
u1795,2026-08-03,gacha
u1803,2026-08-03,stage
u1809,2026-08-03,stage
u1866,2026-08-03,lobby
u1888,2026-08-03,stage
u1891,2026-08-03,lobby
u1924,2026-08-03,buff
u1934,2026-08-03,lobby
u2009,2026-08-03,lobby
u2011,2026-08-03,stage
u2013,2026-08-03,lobby
u2019,2026-08-03,gacha
u2027,2026-08-03,buff
u2028,2026-08-03,stage
u2057,2026-08-03,lobby
u2057,2026-08-03,lobby
u2061,2026-08-03,stage
u2061,2026-08-03,lobby
u2068,2026-08-03,stage
u2069,2026-08-03,buff
u2076,2026-08-03,buff
u2084,2026-08-03,buff
u2094,2026-08-03,gacha
u2095,2026-08-03,gacha
u2102,2026-08-03,lobby
u2105,2026-08-03,gacha
u2111,2026-08-03,buff
u2121,2026-08-03,lobby
u2133,2026-08-03,stage
u2136,2026-08-03,lobby
u2137,2026-08-03,lobby
u2142,2026-08-03,shop
u2143,2026-08-03,gacha
u2147,2026-08-03,buff
u2148,2026-08-03,stage
u2149,2026-08-03,gacha
u2150,2026-08-03,shop
u2155,2026-08-03,shop
u2156,2026-08-03,lobby
u2159,2026-08-03,shop
u2160,2026-08-03,stage
u2163,2026-08-03,buff
u2167,2026-08-03,stage
u2171,2026-08-03,buff
u2175,2026-08-03,lobby
u2184,2026-08-03,lobby
u2184,2026-08-03,shop
u2186,2026-08-03,buff
u2187,2026-08-03,gacha
u2188,2026-08-03,lobby
u2191,2026-08-03,shop
u2194,2026-08-03,shop
u2205,2026-08-03,shop
u2210,2026-08-03,gacha
u2216,2026-08-03,lobby
u2218,2026-08-03,stage
u2221,2026-08-03,gacha
u2222,2026-08-03,stage
u2223,2026-08-03,shop
u2230,2026-08-03,gacha
u2243,2026-08-03,buff
u2243,2026-08-03,stage
u2246,2026-08-03,shop
u2248,2026-08-03,shop
u1082,2026-08-04,shop
u1184,2026-08-04,shop
u1184,2026-08-04,lobby
u1193,2026-08-04,gacha
u1246,2026-08-04,stage
u1287,2026-08-04,shop
u1287,2026-08-04,buff
u1298,2026-08-04,lobby
u1340,2026-08-04,shop
u1351,2026-08-04,stage
u1372,2026-08-04,stage
u1415,2026-08-04,stage
u1422,2026-08-04,buff
u1456,2026-08-04,shop
u1459,2026-08-04,shop
u1462,2026-08-04,shop
u1468,2026-08-04,stage
u1468,2026-08-04,gacha
u1590,2026-08-04,buff
u1596,2026-08-04,stage
u1622,2026-08-04,gacha
u1628,2026-08-04,lobby
u1661,2026-08-04,stage
u1757,2026-08-04,shop
u1757,2026-08-04,stage
u1759,2026-08-04,shop
u1778,2026-08-04,buff
u1786,2026-08-04,lobby
u1794,2026-08-04,buff
u1844,2026-08-04,gacha
u1848,2026-08-04,buff
u1849,2026-08-04,shop
u1883,2026-08-04,buff
u1906,2026-08-04,buff
u1942,2026-08-04,lobby
u2011,2026-08-04,gacha
u2012,2026-08-04,gacha
u2013,2026-08-04,lobby
u2023,2026-08-04,lobby
u2032,2026-08-04,stage
u2032,2026-08-04,gacha
u2032,2026-08-04,lobby
u2044,2026-08-04,buff
u2051,2026-08-04,gacha
u2066,2026-08-04,lobby
u2066,2026-08-04,shop
u2088,2026-08-04,lobby
u2094,2026-08-04,buff
u2095,2026-08-04,shop
u2097,2026-08-04,gacha
u2101,2026-08-04,stage
u2102,2026-08-04,stage
u2106,2026-08-04,lobby
u2111,2026-08-04,gacha
u2117,2026-08-04,gacha
u2117,2026-08-04,shop
u2131,2026-08-04,lobby
u2138,2026-08-04,stage
u2145,2026-08-04,shop
u2145,2026-08-04,gacha
u2149,2026-08-04,gacha
u2152,2026-08-04,buff
u2154,2026-08-04,buff
u2155,2026-08-04,lobby
u2156,2026-08-04,gacha
u2156,2026-08-04,shop
u2158,2026-08-04,gacha
u2158,2026-08-04,stage
u2161,2026-08-04,lobby
u2162,2026-08-04,lobby
u2166,2026-08-04,gacha
u2169,2026-08-04,gacha
u2172,2026-08-04,stage
u2174,2026-08-04,gacha
u2179,2026-08-04,lobby
u2185,2026-08-04,shop
u2185,2026-08-04,shop
u2192,2026-08-04,buff
u2200,2026-08-04,lobby
u2205,2026-08-04,stage
u2207,2026-08-04,buff
u2207,2026-08-04,gacha
u2218,2026-08-04,buff
u2218,2026-08-04,buff
u2220,2026-08-04,lobby
u2221,2026-08-04,stage
u2223,2026-08-04,gacha
u2224,2026-08-04,lobby
u2233,2026-08-04,shop
u2239,2026-08-04,lobby
u2240,2026-08-04,buff
u2245,2026-08-04,gacha
u2248,2026-08-04,stage
u2251,2026-08-04,stage
u1106,2026-08-05,stage
u1177,2026-08-05,buff
u1182,2026-08-05,buff
u1298,2026-08-05,gacha
u1336,2026-08-05,shop
u1340,2026-08-05,gacha
u1406,2026-08-05,shop
u1415,2026-08-05,lobby
u1431,2026-08-05,buff
u1456,2026-08-05,buff
u1555,2026-08-05,stage
u1559,2026-08-05,buff
u1568,2026-08-05,stage
u1589,2026-08-05,lobby
u1595,2026-08-05,gacha
u1633,2026-08-05,gacha
u1646,2026-08-05,stage
u1776,2026-08-05,shop
u1778,2026-08-05,buff
u1830,2026-08-05,stage
u1857,2026-08-05,buff
u1905,2026-08-05,shop
u1935,2026-08-05,lobby
u1943,2026-08-05,gacha
u1950,2026-08-05,shop
u1959,2026-08-05,stage
u1959,2026-08-05,gacha
u1980,2026-08-05,lobby
u2013,2026-08-05,stage
u2020,2026-08-05,buff
u2026,2026-08-05,buff
u2034,2026-08-05,gacha
u2038,2026-08-05,lobby
u2053,2026-08-05,lobby
u2053,2026-08-05,stage
u2055,2026-08-05,stage
u2056,2026-08-05,stage
u2069,2026-08-05,lobby
u2082,2026-08-05,buff
u2097,2026-08-05,buff
u2099,2026-08-05,gacha
u2131,2026-08-05,gacha
u2135,2026-08-05,stage
u2137,2026-08-05,buff
u2137,2026-08-05,shop
u2139,2026-08-05,buff
u2142,2026-08-05,buff
u2146,2026-08-05,lobby
u2158,2026-08-05,gacha
u2159,2026-08-05,buff
u2165,2026-08-05,lobby
u2167,2026-08-05,lobby
u2168,2026-08-05,stage
u2170,2026-08-05,gacha
u2175,2026-08-05,stage
u2178,2026-08-05,gacha
u2178,2026-08-05,gacha
u2183,2026-08-05,stage
u2183,2026-08-05,buff
u2187,2026-08-05,shop
u2188,2026-08-05,shop
u2191,2026-08-05,lobby
u2192,2026-08-05,lobby
u2197,2026-08-05,buff
u2204,2026-08-05,stage
u2213,2026-08-05,stage
u2214,2026-08-05,stage
u2215,2026-08-05,buff
u2221,2026-08-05,lobby
u2225,2026-08-05,gacha
u2226,2026-08-05,gacha
u2232,2026-08-05,stage
u2233,2026-08-05,stage
u2236,2026-08-05,stage
u2241,2026-08-05,shop
u2242,2026-08-05,lobby
u2242,2026-08-05,buff
u2244,2026-08-05,stage
u2247,2026-08-05,lobby
u2249,2026-08-05,shop
u2250,2026-08-05,lobby
u1021,2026-08-06,shop
u1137,2026-08-06,lobby
u1142,2026-08-06,lobby
u1192,2026-08-06,buff
u1309,2026-08-06,stage
u1379,2026-08-06,shop
u1399,2026-08-06,gacha
u1421,2026-08-06,stage
u1462,2026-08-06,buff
u1490,2026-08-06,gacha
u1491,2026-08-06,shop
u1539,2026-08-06,lobby
u1548,2026-08-06,buff
u1590,2026-08-06,gacha
u1661,2026-08-06,buff
u1686,2026-08-06,lobby
u1696,2026-08-06,gacha
u1737,2026-08-06,gacha
u1745,2026-08-06,buff
u1757,2026-08-06,shop
u1763,2026-08-06,gacha
u1786,2026-08-06,stage
u1804,2026-08-06,stage
u1813,2026-08-06,buff
u1827,2026-08-06,gacha
u1866,2026-08-06,stage
u1884,2026-08-06,gacha
u1905,2026-08-06,lobby
u1906,2026-08-06,buff
u1924,2026-08-06,stage
u1946,2026-08-06,shop
u1950,2026-08-06,lobby
u1980,2026-08-06,lobby
u1980,2026-08-06,shop
u1982,2026-08-06,buff
u1992,2026-08-06,lobby
u1992,2026-08-06,lobby
u1992,2026-08-06,lobby
u2009,2026-08-06,stage
u2012,2026-08-06,buff
u2015,2026-08-06,stage
u2019,2026-08-06,lobby
u2026,2026-08-06,shop
u2027,2026-08-06,gacha
u2050,2026-08-06,gacha
u2051,2026-08-06,lobby
u2054,2026-08-06,gacha
u2055,2026-08-06,stage
u2057,2026-08-06,lobby
u2081,2026-08-06,gacha
u2088,2026-08-06,buff
u2099,2026-08-06,stage
u2111,2026-08-06,gacha
u2113,2026-08-06,lobby
u2124,2026-08-06,stage
u2132,2026-08-06,shop
u2141,2026-08-06,lobby
u2141,2026-08-06,buff
u2144,2026-08-06,buff
u2147,2026-08-06,shop
u2151,2026-08-06,lobby
u2152,2026-08-06,buff
u2164,2026-08-06,buff
u2174,2026-08-06,shop
u2175,2026-08-06,stage
u2181,2026-08-06,buff
u2198,2026-08-06,lobby
u2199,2026-08-06,lobby
u2202,2026-08-06,lobby
u2203,2026-08-06,buff
u2206,2026-08-06,stage
u2209,2026-08-06,buff
u2213,2026-08-06,buff
u2216,2026-08-06,buff
u2225,2026-08-06,buff
u2227,2026-08-06,shop
u2229,2026-08-06,shop
u2229,2026-08-06,lobby
u2230,2026-08-06,stage
u2232,2026-08-06,buff
u2232,2026-08-06,lobby
u2234,2026-08-06,buff
u2236,2026-08-06,stage
u2237,2026-08-06,shop
u2238,2026-08-06,stage
u2240,2026-08-06,gacha
u2243,2026-08-06,lobby
u2247,2026-08-06,buff
u2250,2026-08-06,buff
u2251,2026-08-06,buff
u1184,2026-08-07,stage
u1192,2026-08-07,buff
u1254,2026-08-07,lobby
u1336,2026-08-07,shop
u1344,2026-08-07,gacha
u1462,2026-08-07,gacha
u1468,2026-08-07,shop
u1559,2026-08-07,shop
u1559,2026-08-07,buff
u1583,2026-08-07,shop
u1587,2026-08-07,lobby
u1590,2026-08-07,stage
u1625,2026-08-07,lobby
u1646,2026-08-07,lobby
u1661,2026-08-07,gacha
u1737,2026-08-07,lobby
u1781,2026-08-07,lobby
u1783,2026-08-07,buff
u1783,2026-08-07,shop
u1811,2026-08-07,stage
u1831,2026-08-07,lobby
u1857,2026-08-07,shop
u1881,2026-08-07,gacha
u1895,2026-08-07,lobby
u1895,2026-08-07,lobby
u1895,2026-08-07,lobby
u1904,2026-08-07,stage
u1931,2026-08-07,lobby
u1974,2026-08-07,gacha
u1974,2026-08-07,lobby
u1982,2026-08-07,shop
u2005,2026-08-07,gacha
u2021,2026-08-07,shop
u2021,2026-08-07,stage
u2022,2026-08-07,shop
u2034,2026-08-07,buff
u2038,2026-08-07,shop
u2054,2026-08-07,stage
u2056,2026-08-07,shop
u2058,2026-08-07,gacha
u2084,2026-08-07,buff
u2103,2026-08-07,lobby
u2113,2026-08-07,shop
u2134,2026-08-07,buff
u2140,2026-08-07,gacha
u2140,2026-08-07,buff
u2141,2026-08-07,stage
u2143,2026-08-07,lobby
u2147,2026-08-07,shop
u2151,2026-08-07,shop
u2153,2026-08-07,shop
u2154,2026-08-07,shop
u2160,2026-08-07,lobby
u2164,2026-08-07,lobby
u2167,2026-08-07,lobby
u2174,2026-08-07,gacha
u2176,2026-08-07,shop
u2180,2026-08-07,buff
u2180,2026-08-07,stage
u2181,2026-08-07,shop
u2182,2026-08-07,lobby
u2190,2026-08-07,buff
u2193,2026-08-07,lobby
u2201,2026-08-07,lobby
u2205,2026-08-07,stage
u2206,2026-08-07,lobby
u2209,2026-08-07,stage
u2211,2026-08-07,gacha
u2214,2026-08-07,shop
u2235,2026-08-07,gacha
u2240,2026-08-07,stage
u2245,2026-08-07,buff
u2245,2026-08-07,lobby
u2249,2026-08-07,stage
u2250,2026-08-07,buff
u1021,2026-08-08,stage
u1082,2026-08-08,gacha
u1146,2026-08-08,buff
u1162,2026-08-08,gacha
u1192,2026-08-08,gacha
u1309,2026-08-08,buff
u1335,2026-08-08,shop
u1340,2026-08-08,gacha
u1388,2026-08-08,gacha
u1399,2026-08-08,buff
u1448,2026-08-08,buff
u1465,2026-08-08,buff
u1476,2026-08-08,shop
u1490,2026-08-08,buff
u1548,2026-08-08,stage
u1555,2026-08-08,buff
u1568,2026-08-08,gacha
u1572,2026-08-08,gacha
u1596,2026-08-08,shop
u1628,2026-08-08,lobby
u1646,2026-08-08,buff
u1689,2026-08-08,lobby
u1696,2026-08-08,gacha
u1713,2026-08-08,buff
u1745,2026-08-08,gacha
u1763,2026-08-08,lobby
u1776,2026-08-08,gacha
u1777,2026-08-08,shop
u1786,2026-08-08,lobby
u1788,2026-08-08,shop
u1791,2026-08-08,stage
u1794,2026-08-08,buff
u1797,2026-08-08,lobby
u1803,2026-08-08,shop
u1813,2026-08-08,shop
u1813,2026-08-08,shop
u1824,2026-08-08,shop
u1827,2026-08-08,lobby
u1831,2026-08-08,gacha
u1832,2026-08-08,gacha
u1833,2026-08-08,stage
u1842,2026-08-08,lobby
u1849,2026-08-08,gacha
u1904,2026-08-08,stage
u1905,2026-08-08,shop
u1906,2026-08-08,gacha
u1911,2026-08-08,gacha
u1911,2026-08-08,lobby
u1917,2026-08-08,gacha
u1926,2026-08-08,shop
u1950,2026-08-08,buff
u1974,2026-08-08,buff
u1981,2026-08-08,gacha
u2014,2026-08-08,gacha
u2020,2026-08-08,shop
u2021,2026-08-08,shop
u2022,2026-08-08,buff
u2034,2026-08-08,gacha
u2048,2026-08-08,lobby
u2067,2026-08-08,shop
u2067,2026-08-08,buff
u2101,2026-08-08,shop
u2110,2026-08-08,shop
u2113,2026-08-08,stage
u2128,2026-08-08,gacha
u2130,2026-08-08,gacha
u2130,2026-08-08,shop
u2135,2026-08-08,stage
u2136,2026-08-08,shop
u2152,2026-08-08,lobby
u2155,2026-08-08,gacha
u2157,2026-08-08,shop
u2173,2026-08-08,gacha
u2173,2026-08-08,lobby
u2177,2026-08-08,shop
u2178,2026-08-08,lobby
u2189,2026-08-08,lobby
u2197,2026-08-08,shop
u2199,2026-08-08,shop
u2200,2026-08-08,lobby
u2206,2026-08-08,lobby
u2207,2026-08-08,stage
u2208,2026-08-08,buff
u2215,2026-08-08,gacha
u2217,2026-08-08,shop
u2219,2026-08-08,lobby
u2222,2026-08-08,lobby
u2226,2026-08-08,stage
u1137,2026-08-09,lobby
u1137,2026-08-09,shop
u1142,2026-08-09,gacha
u1246,2026-08-09,gacha
u1335,2026-08-09,shop
u1431,2026-08-09,gacha
u1448,2026-08-09,shop
u1459,2026-08-09,buff
u1490,2026-08-09,stage
u1539,2026-08-09,gacha
u1555,2026-08-09,buff
u1572,2026-08-09,stage
u1587,2026-08-09,shop
u1622,2026-08-09,buff
u1622,2026-08-09,stage
u1628,2026-08-09,stage
u1677,2026-08-09,shop
u1677,2026-08-09,stage
u1696,2026-08-09,buff
u1710,2026-08-09,gacha
u1737,2026-08-09,lobby
u1740,2026-08-09,gacha
u1740,2026-08-09,lobby
u1750,2026-08-09,lobby
u1754,2026-08-09,buff
u1754,2026-08-09,lobby
u1763,2026-08-09,stage
u1777,2026-08-09,gacha
u1781,2026-08-09,gacha
u1783,2026-08-09,stage
u1809,2026-08-09,gacha
u1830,2026-08-09,gacha
u1890,2026-08-09,gacha
u1918,2026-08-09,stage
u1924,2026-08-09,lobby
u1928,2026-08-09,gacha
u1931,2026-08-09,stage
u1981,2026-08-09,gacha
u1982,2026-08-09,lobby
u2004,2026-08-09,stage
u2012,2026-08-09,stage
u2014,2026-08-09,lobby
u2019,2026-08-09,shop
u2020,2026-08-09,gacha
u2022,2026-08-09,buff
u2028,2026-08-09,shop
u2048,2026-08-09,shop
u2056,2026-08-09,stage
u2077,2026-08-09,stage
u2095,2026-08-09,shop
u2097,2026-08-09,gacha
u2110,2026-08-09,shop
u2124,2026-08-09,gacha
u2128,2026-08-09,shop
u2129,2026-08-09,shop
u2130,2026-08-09,buff
u2131,2026-08-09,stage
u2138,2026-08-09,buff
u2142,2026-08-09,gacha
u2144,2026-08-09,gacha
u2145,2026-08-09,buff
u2146,2026-08-09,stage
u2151,2026-08-09,buff
u2153,2026-08-09,lobby
u2153,2026-08-09,stage
u2160,2026-08-09,lobby
u2162,2026-08-09,gacha
u2163,2026-08-09,buff
u2165,2026-08-09,lobby
u2166,2026-08-09,stage
u2169,2026-08-09,buff
u2169,2026-08-09,shop
u2171,2026-08-09,gacha
u2173,2026-08-09,buff
u2180,2026-08-09,lobby
u2183,2026-08-09,gacha
u2185,2026-08-09,gacha
u2186,2026-08-09,gacha
u2191,2026-08-09,lobby
u2195,2026-08-09,buff
u2195,2026-08-09,buff
u2196,2026-08-09,buff
u2197,2026-08-09,buff
u2203,2026-08-09,shop
u2212,2026-08-09,buff
u2215,2026-08-09,lobby
u2222,2026-08-09,lobby
u2226,2026-08-09,stage
u2228,2026-08-09,stage
u2231,2026-08-09,lobby
u2234,2026-08-09,lobby
u2237,2026-08-09,shop
u2237,2026-08-09,gacha
u2239,2026-08-09,stage
u2242,2026-08-09,shop
u2244,2026-08-09,buff
u2247,2026-08-09,buff
u2249,2026-08-09,gacha
